,"Instructions
Enter stock symbol in cell B4",,,,,POWERED BY
,,,,,,Google Finance
,,,,,,
,NVDA,<< enter a symbol,,,,
,,"<< optionally, enter an exchange (ex: NASDAQ, NYSE)",,,,
,,,,,,
,NVIDIA Corporation,,,,,
,,,,,,
,Current Price,,Change,% Change,,
,257.25,,+1.84,+0.72%,,
,,,,,,
,,,,,,
,Market Cap,P/E Ratio,Beta,,,
,"635,408M",147.65,1.76,,,
,,,,,,36 Months
,,,,,,
,,,,,,
,NVDA,,,,,
,,,,,,
,,,,,,
,,,,,,
,,,,,,
,,,,,,
,,,,,,
,,,,,,
,,,,,,
,Date,Open,High,Low,Close,Volume
,"Mar 18, 2020",50.02,52.49,45.17,50.71,"21,856,657"
,"Mar 19, 2020",50.49,54.18,48.35,53.24,"19,137,847"
,"Mar 20, 2020",54.75,57.58,51.28,51.44,"20,115,854"
,"Mar 23, 2020",51.43,54.12,49.63,53.17,"16,096,866"
,"Mar 24, 2020",57.25,63.17,57.01,62.30,"27,541,095"
,"Mar 25, 2020",63.45,65.46,60.92,61.41,"19,835,767"
,"Mar 26, 2020",63.49,65.56,62.50,64.31,"17,439,692"
,"Mar 27, 2020",62.50,65.78,62.17,63.18,"15,970,744"
,"Mar 30, 2020",63.84,66.49,63.40,66.40,"15,056,253"
,"Mar 31, 2020",66.80,68.85,64.44,65.90,"23,749,014"
,"Apr 1, 2020",63.91,65.38,60.32,60.77,"16,422,828"
,"Apr 2, 2020",61.06,64.00,60.58,63.87,"16,894,113"
,"Apr 3, 2020",63.49,63.91,59.60,60.98,"16,580,346"
,"Apr 6, 2020",63.81,67.47,63.23,67.10,"18,197,062"
,"Apr 7, 2020",69.33,69.56,64.33,64.76,"19,613,047"
,"Apr 8, 2020",65.85,66.99,65.15,66.74,"13,561,113"
,"Apr 9, 2020",68.00,68.23,65.11,65.74,"13,156,195"
,"Apr 13, 2020",65.14,67.55,64.25,67.46,"9,960,182"
,"Apr 14, 2020",68.75,71.33,68.47,70.99,"13,273,667"
,"Apr 15, 2020",69.30,71.04,68.85,70.21,"9,153,721"
,"Apr 16, 2020",71.77,74.75,71.64,73.68,"18,640,510"
,"Apr 17, 2020",74.50,74.72,71.74,73.08,"13,478,049"
,"Apr 20, 2020",71.81,73.38,71.32,71.76,"11,234,705"
,"Apr 21, 2020",70.58,71.19,66.78,67.38,"18,378,996"
,"Apr 22, 2020",69.31,71.97,68.85,71.54,"12,118,228"
,"Apr 23, 2020",71.96,73.28,70.75,71.00,"10,603,988"
,"Apr 24, 2020",70.90,72.42,70.15,72.40,"8,816,137"
,"Apr 27, 2020",73.75,75.88,73.50,74.27,"11,984,699"
,"Apr 28, 2020",75.75,76.05,72.79,72.84,"11,072,603"
,"Apr 29, 2020",74.19,75.15,73.44,74.61,"9,479,047"
,"Apr 30, 2020",74.07,74.61,72.93,73.07,"9,397,943"
,"May 1, 2020",71.09,72.22,70.21,70.69,"8,552,445"
,"May 4, 2020",70.22,72.96,70.22,72.82,"7,938,880"
,"May 5, 2020",73.87,75.07,72.82,73.44,"9,222,391"
,"May 6, 2020",74.23,75.50,73.85,74.45,"8,086,639"
,"May 7, 2020",75.85,76.85,75.33,76.22,"9,343,263"
,"May 8, 2020",76.94,78.19,76.60,78.13,"8,497,678"
,"May 11, 2020",78.08,81.13,77.79,80.66,"11,726,504"
,"May 12, 2020",81.24,81.72,77.93,78.03,"12,326,482"
,"May 13, 2020",79.18,80.79,75.95,77.80,"15,646,252"
,"May 14, 2020",78.42,80.36,76.88,80.31,"15,057,809"
,"May 15, 2020",78.90,85.01,78.74,84.91,"24,691,543"
,"May 18, 2020",87.61,89.17,86.81,87.50,"19,410,086"
,"May 19, 2020",87.90,90.88,87.63,88.06,"17,933,049"
,"May 20, 2020",89.91,90.43,88.89,89.70,"14,688,405"
,"May 21, 2020",90.52,90.52,87.38,87.75,"19,026,741"
,"May 22, 2020",88.25,90.93,87.13,90.26,"25,969,125"
,"May 26, 2020",91.57,91.82,86.72,87.18,"19,269,476"
,"May 27, 2020",86.25,86.33,79.97,85.25,"29,397,306"
,"May 28, 2020",84.12,87.61,83.79,84.87,"18,403,204"
,"May 29, 2020",85.55,88.76,84.85,88.76,"18,647,994"
,"Jun 1, 2020",88.33,88.41,86.90,88.06,"9,762,775"
,"Jun 2, 2020",87.96,88.37,86.58,88.25,"9,783,014"
,"Jun 3, 2020",88.22,88.66,87.00,87.70,"9,135,972"
,"Jun 4, 2020",87.28,89.43,86.78,87.67,"10,606,960"
,"Jun 5, 2020",87.95,89.97,87.08,89.20,"12,043,651"
,"Jun 8, 2020",88.77,88.90,86.86,88.05,"9,693,431"
,"Jun 9, 2020",88.00,91.10,87.51,90.46,"11,712,221"
,"Jun 10, 2020",91.68,95.00,91.54,93.67,"15,804,537"
,"Jun 11, 2020",91.50,92.61,87.86,87.96,"14,591,256"
,"Jun 12, 2020",91.63,91.87,87.03,89.33,"14,272,704"
,"Jun 15, 2020",88.15,91.82,87.44,91.74,"10,000,054"
,"Jun 16, 2020",92.25,92.67,88.39,90.69,"13,392,875"
,"Jun 17, 2020",91.14,92.99,90.70,92.36,"10,207,641"
,"Jun 18, 2020",92.27,92.83,91.15,92.18,"6,360,238"
,"Jun 19, 2020",92.43,94.45,92.27,92.61,"13,104,013"
,"Jun 22, 2020",93.00,95.31,92.73,95.27,"9,961,662"
,"Jun 23, 2020",95.51,96.43,94.08,94.50,"9,377,685"
,"Jun 24, 2020",94.76,95.56,91.45,92.36,"11,234,272"
,"Jun 25, 2020",93.56,95.05,91.82,94.90,"9,401,800"
,"Jun 26, 2020",95.00,95.00,91.25,91.55,"14,802,144"
,"Jun 29, 2020",91.70,92.05,89.00,92.00,"8,556,203"
,"Jun 30, 2020",93.14,95.26,92.67,94.98,"9,197,300"
,"Jul 1, 2020",95.21,95.76,94.13,95.30,"8,166,170"
,"Jul 2, 2020",96.39,97.38,95.78,96.12,"9,101,352"
,"Jul 6, 2020",97.42,99.09,97.13,98.39,"7,897,343"
,"Jul 7, 2020",99.46,100.70,98.51,98.72,"8,944,993"
,"Jul 8, 2020",99.94,102.25,99.66,102.16,"9,137,013"
,"Jul 9, 2020",103.80,105.70,102.34,105.09,"12,363,680"
,"Jul 10, 2020",105.89,106.55,103.79,104.79,"12,441,869"
,"Jul 13, 2020",105.95,107.92,100.25,100.52,"11,426,874"
,"Jul 14, 2020",100.75,104.03,97.86,103.77,"13,566,855"
,"Jul 15, 2020",104.14,104.33,100.56,102.27,"10,099,623"
,"Jul 16, 2020",100.15,102.07,98.96,101.35,"8,624,118"
,"Jul 17, 2020",102.26,102.49,100.88,102.02,"6,657,116"
,"Jul 20, 2020",102.74,105.31,101.57,105.11,"7,121,271"
,"Jul 21, 2020",105.13,105.60,102.87,103.29,"6,941,671"
,"Jul 22, 2020",103.68,106.03,102.92,104.39,"9,182,271"
,"Jul 23, 2020",104.50,105.47,100.31,101.30,"10,291,532"
,"Jul 24, 2020",98.75,103.65,97.77,101.95,"11,832,300"
,"Jul 27, 2020",102.32,104.42,102.18,104.22,"7,303,255"
,"Jul 28, 2020",103.74,103.82,102.09,102.16,"6,790,901"
,"Jul 29, 2020",103.91,105.16,103.47,104.66,"7,112,692"
,"Jul 30, 2020",103.75,106.23,102.95,106.14,"7,722,004"
,"Jul 31, 2020",105.63,107.67,104.33,106.15,"9,657,150"
,"Aug 3, 2020",107.33,110.99,107.15,110.10,"10,325,456"
,"Aug 4, 2020",110.50,112.28,109.06,112.28,"7,758,390"
,"Aug 5, 2020",112.44,113.72,111.66,112.87,"6,262,493"
,"Aug 6, 2020",113.50,113.58,111.79,113.36,"6,107,892"
,"Aug 7, 2020",113.13,115.05,110.38,112.00,"8,562,899"
,"Aug 10, 2020",113.34,114.08,108.57,111.65,"10,694,898"
,"Aug 11, 2020",110.74,111.37,107.96,108.50,"8,862,763"
,"Aug 12, 2020",109.91,114.67,109.58,114.40,"11,623,573"
,"Aug 13, 2020",115.46,117.22,113.56,114.43,"9,361,489"
,"Aug 14, 2020",115.30,117.05,114.41,115.64,"9,160,904"
,"Aug 17, 2020",118.51,124.10,118.17,123.37,"15,532,523"
,"Aug 18, 2020",124.50,124.96,120.86,122.61,"12,586,155"
,"Aug 19, 2020",122.97,123.15,120.98,121.39,"15,565,558"
,"Aug 20, 2020",119.75,123.75,118.79,121.41,"23,034,656"
,"Aug 21, 2020",122.02,128.09,121.95,126.84,"24,996,738"
,"Aug 24, 2020",128.84,129.13,125.08,127.20,"12,264,105"
,"Aug 25, 2020",126.31,127.61,125.74,127.50,"7,226,920"
,"Aug 26, 2020",127.99,128.68,126.78,127.73,"8,031,073"
,"Aug 27, 2020",127.82,128.50,125.66,126.28,"7,940,073"
,"Aug 28, 2020",126.75,131.48,126.43,131.48,"13,428,963"
,"Aug 31, 2020",131.83,135.75,130.38,133.75,"12,521,030"
,"Sep 1, 2020",134.80,139.94,134.37,138.21,"12,811,849"
,"Sep 2, 2020",147.04,147.27,139.00,143.47,"21,850,322"
,"Sep 3, 2020",138.29,138.85,128.79,130.16,"23,628,151"
,"Sep 4, 2020",127.84,131.75,117.05,126.23,"36,592,071"
,"Sep 8, 2020",117.35,125.50,117.04,119.13,"19,893,237"
,"Sep 9, 2020",124.00,128.09,122.32,127.15,"18,404,957"
,"Sep 10, 2020",129.89,130.65,121.67,123.12,"17,467,111"
,"Sep 11, 2020",124.86,126.53,118.96,121.65,"15,923,172"
,"Sep 14, 2020",130.81,133.15,126.31,128.72,"30,043,624"
,"Sep 15, 2020",132.80,132.99,128.28,129.91,"18,188,914"
,"Sep 16, 2020",129.57,130.93,125.14,125.15,"13,939,985"
,"Sep 17, 2020",121.32,125.90,120.35,124.64,"19,812,794"
,"Sep 18, 2020",125.94,126.33,119.89,121.89,"17,461,548"
,"Sep 21, 2020",119.25,125.23,119.05,125.17,"18,026,061"
,"Sep 22, 2020",125.75,126.48,121.56,126.38,"16,161,302"
,"Sep 23, 2020",125.76,127.27,120.79,121.24,"16,175,308"
,"Sep 24, 2020",120.72,125.70,120.14,123.48,"18,281,008"
,"Sep 25, 2020",124.48,128.84,122.46,128.74,"14,700,407"
,"Sep 28, 2020",130.40,130.52,127.50,130.35,"14,345,228"
,"Sep 29, 2020",129.38,134.43,129.33,132.26,"15,575,124"
,"Sep 30, 2020",131.57,136.23,131.50,135.31,"17,229,603"
,"Oct 1, 2020",137.58,137.63,134.61,136.15,"13,125,059"
,"Oct 2, 2020",132.25,135.20,130.51,130.62,"13,812,397"
,"Oct 5, 2020",132.36,136.44,132.23,136.43,"11,995,457"
,"Oct 6, 2020",138.30,141.42,136.65,137.37,"19,610,496"
,"Oct 7, 2020",140.00,141.19,138.64,139.64,"10,452,129"
,"Oct 8, 2020",140.75,140.85,137.58,138.39,"9,472,522"
,"Oct 9, 2020",137.67,138.24,136.61,137.63,"8,672,273"
,"Oct 12, 2020",139.90,143.47,139.13,142.26,"10,868,595"
,"Oct 13, 2020",142.97,143.48,140.19,142.48,"8,615,078"
,"Oct 14, 2020",142.91,143.43,139.60,140.95,"6,916,178"
,"Oct 15, 2020",138.11,140.06,137.68,139.70,"6,680,628"
,"Oct 16, 2020",140.37,141.22,137.93,138.12,"6,065,990"
,"Oct 19, 2020",139.03,139.83,134.07,134.98,"7,451,714"
,"Oct 20, 2020",135.84,138.00,135.07,136.46,"5,730,301"
,"Oct 21, 2020",136.25,137.92,134.78,135.25,"5,489,933"
,"Oct 22, 2020",135.23,136.12,132.32,133.61,"7,261,986"
,"Oct 23, 2020",134.50,135.93,132.91,135.90,"5,837,107"
,"Oct 26, 2020",134.27,136.93,130.39,131.41,"8,422,358"
,"Oct 27, 2020",133.06,134.42,131.92,133.97,"6,262,992"
,"Oct 28, 2020",131.98,132.60,126.09,126.27,"9,412,952"
,"Oct 29, 2020",128.39,131.93,127.50,130.24,"8,002,046"
,"Oct 30, 2020",128.50,129.36,123.00,125.34,"10,434,900"
,"Nov 2, 2020",126.58,128.37,123.95,125.81,"7,491,316"
,"Nov 3, 2020",127.09,131.05,126.03,130.20,"6,822,527"
,"Nov 4, 2020",133.89,138.28,133.37,137.94,"10,255,732"
,"Nov 5, 2020",141.63,143.39,139.91,141.60,"7,975,708"
,"Nov 6, 2020",141.10,145.89,138.95,145.62,"9,583,732"
,"Nov 9, 2020",145.53,146.92,136.11,136.31,"14,574,447"
,"Nov 10, 2020",136.07,136.07,126.28,127.70,"16,101,680"
,"Nov 11, 2020",130.54,134.35,129.48,134.18,"10,118,586"
,"Nov 12, 2020",134.79,137.66,133.16,134.57,"9,165,875"
,"Nov 13, 2020",136.27,136.69,130.59,132.97,"8,669,058"
,"Nov 16, 2020",131.73,136.50,131.56,135.15,"10,344,370"
,"Nov 17, 2020",135.53,135.96,133.04,134.22,"7,800,699"
,"Nov 18, 2020",134.65,136.06,131.85,134.29,"12,773,133"
,"Nov 19, 2020",132.13,134.88,131.00,134.40,"14,148,355"
,"Nov 20, 2020",134.54,134.94,130.65,130.88,"8,527,245"
,"Nov 23, 2020",131.71,133.82,130.16,131.40,"9,033,855"
,"Nov 24, 2020",131.43,131.62,128.85,129.58,"8,662,499"
,"Nov 25, 2020",130.32,132.69,130.20,132.35,"6,497,910"
,"Nov 27, 2020",133.75,134.07,131.71,132.61,"4,181,880"
,"Nov 30, 2020",132.65,134.13,129.72,134.01,"7,173,800"
,"Dec 1, 2020",134.92,135.29,132.28,133.90,"7,439,282"
,"Dec 2, 2020",133.51,136.73,132.34,135.45,"7,084,030"
,"Dec 3, 2020",135.88,136.60,133.29,133.96,"4,988,016"
,"Dec 4, 2020",134.49,135.60,133.89,135.58,"5,056,085"
,"Dec 7, 2020",136.01,137.31,135.00,136.07,"5,581,081"
,"Dec 8, 2020",135.85,135.99,132.82,133.50,"6,798,022"
,"Dec 9, 2020",133.01,134.14,128.68,129.31,"10,032,530"
,"Dec 10, 2020",128.69,130.69,128.49,129.72,"5,194,118"
,"Dec 11, 2020",129.67,130.20,128.23,130.13,"5,231,641"
,"Dec 14, 2020",130.88,133.89,130.78,133.09,"6,753,947"
,"Dec 15, 2020",134.40,134.64,131.87,133.60,"4,837,148"
,"Dec 16, 2020",134.22,134.37,132.13,132.43,"5,577,867"
,"Dec 17, 2020",133.67,133.79,131.79,133.41,"5,784,597"
,"Dec 18, 2020",133.79,134.05,130.71,132.72,"8,551,616"
,"Dec 21, 2020",130.75,133.70,129.68,133.32,"7,558,304"
,"Dec 22, 2020",133.19,133.37,130.54,132.78,"4,657,872"
,"Dec 23, 2020",132.56,132.75,130.05,130.09,"4,478,569"
,"Dec 24, 2020",130.37,131.32,129.39,129.94,"2,447,088"
,"Dec 28, 2020",130.63,130.63,127.63,129.00,"5,314,141"
,"Dec 29, 2020",129.25,130.73,128.42,129.43,"4,259,304"
,"Dec 30, 2020",129.90,132.14,128.97,131.46,"5,634,929"
,"Dec 31, 2020",131.37,131.51,129.15,130.55,"4,810,610"
,"Jan 4, 2021",131.04,136.52,129.63,131.14,"14,016,045"
,"Jan 5, 2021",131.00,134.44,130.87,134.05,"8,068,998"
,"Jan 6, 2021",132.23,132.45,125.86,126.15,"14,510,575"
,"Jan 7, 2021",129.68,133.78,128.87,133.44,"11,537,037"
,"Jan 8, 2021",133.63,134.21,130.42,132.77,"7,313,215"
,"Jan 11, 2021",134.19,139.61,133.63,136.22,"12,975,720"
,"Jan 12, 2021",137.53,137.54,133.45,134.85,"7,286,943"
,"Jan 13, 2021",134.90,136.25,133.85,135.32,"5,250,711"
,"Jan 14, 2021",135.75,136.00,131.81,132.00,"7,078,007"
,"Jan 15, 2021",132.28,133.25,128.49,128.60,"6,944,532"
,"Jan 19, 2021",130.16,130.94,128.44,130.25,"5,654,672"
,"Jan 20, 2021",131.12,134.31,130.57,133.66,"6,464,272"
,"Jan 21, 2021",134.19,139.99,132.53,138.68,"8,458,490"
,"Jan 22, 2021",137.40,138.42,136.27,137.13,"6,170,464"
,"Jan 25, 2021",137.82,138.29,132.36,136.53,"6,277,779"
,"Jan 26, 2021",135.80,136.45,133.88,134.35,"4,099,510"
,"Jan 27, 2021",132.30,132.33,127.94,129.18,"9,281,821"
,"Jan 28, 2021",129.96,133.40,129.60,130.51,"5,707,899"
,"Jan 29, 2021",130.75,133.35,129.12,129.90,"6,788,801"
,"Feb 1, 2021",130.53,132.71,129.03,132.37,"5,430,108"
,"Feb 2, 2021",133.99,135.72,132.85,135.57,"5,510,957"
,"Feb 3, 2021",136.36,139.32,135.17,135.31,"6,135,232"
,"Feb 4, 2021",135.31,136.74,133.38,136.64,"5,033,462"
,"Feb 5, 2021",137.25,137.37,135.46,135.91,"4,228,841"
,"Feb 8, 2021",137.27,144.74,137.27,144.39,"10,865,571"
,"Feb 9, 2021",143.41,145.83,142.23,142.63,"7,189,003"
,"Feb 10, 2021",144.63,149.05,143.41,147.64,"12,133,808"
,"Feb 11, 2021",149.80,152.72,149.25,152.51,"11,270,693"
,"Feb 12, 2021",150.50,152.91,147.75,149.61,"9,368,937"
,"Feb 16, 2021",150.64,153.73,149.50,153.30,"8,048,988"
,"Feb 17, 2021",151.71,152.24,147.80,149.06,"6,892,467"
,"Feb 18, 2021",147.29,148.73,145.75,148.29,"5,852,020"
,"Feb 19, 2021",150.25,151.77,148.47,149.26,"6,793,103"
,"Feb 22, 2021",147.75,151.33,143.25,143.56,"8,147,139"
,"Feb 23, 2021",140.75,142.39,133.90,141.42,"9,794,483"
,"Feb 24, 2021",141.23,145.07,137.56,144.99,"11,207,977"
,"Feb 25, 2021",140.45,143.75,132.16,133.07,"20,610,901"
,"Feb 26, 2021",137.53,138.54,133.61,137.15,"12,523,260"
,"Mar 1, 2021",138.75,139.25,135.53,138.42,"8,829,575"
,"Mar 2, 2021",139.00,139.21,133.96,134.06,"6,602,853"
,"Mar 3, 2021",134.26,134.51,127.99,128.05,"9,439,757"
,"Mar 4, 2021",128.01,129.75,120.84,123.70,"14,333,629"
,"Mar 5, 2021",125.50,125.50,116.79,124.62,"13,570,971"
,"Mar 8, 2021",124.50,124.71,115.67,115.93,"13,577,792"
,"Mar 9, 2021",121.30,126.17,120.59,125.20,"13,045,638"
,"Mar 10, 2021",128.41,129.80,124.58,124.68,"9,609,414"
,"Mar 11, 2021",129.50,130.46,127.35,129.94,"7,497,857"
,"Mar 12, 2021",126.48,128.89,125.90,128.56,"6,099,099"
,"Mar 15, 2021",128.65,132.07,127.67,131.91,"5,563,011"
,"Mar 16, 2021",133.57,135.13,131.17,132.91,"6,803,240"
,"Mar 17, 2021",130.40,134.53,129.90,133.41,"6,096,605"
,"Mar 18, 2021",131.37,131.84,127.17,127.23,"7,354,702"
,"Mar 19, 2021",127.50,129.22,126.13,128.46,"7,480,174"
,"Mar 22, 2021",129.13,133.95,129.07,131.86,"7,445,077"
,"Mar 23, 2021",132.54,133.45,130.21,130.71,"5,551,152"
,"Mar 24, 2021",131.51,131.59,126.37,126.43,"6,145,963"
,"Mar 25, 2021",125.00,127.15,122.72,125.35,"7,378,614"
,"Mar 26, 2021",125.55,128.56,123.74,128.39,"9,099,224"
,"Mar 29, 2021",128.20,130.63,127.00,129.48,"6,837,997"
,"Mar 30, 2021",128.42,129.75,127.05,128.72,"5,005,062"
,"Mar 31, 2021",130.16,134.71,129.82,133.48,"7,869,438"
,"Apr 1, 2021",135.72,138.70,135.11,138.12,"7,706,865"
,"Apr 5, 2021",138.68,140.14,137.33,139.88,"6,391,785"
,"Apr 6, 2021",140.00,140.54,137.74,138.62,"4,793,649"
,"Apr 7, 2021",138.81,142.43,137.12,141.44,"6,282,109"
,"Apr 8, 2021",142.53,144.72,142.49,143.17,"6,110,373"
,"Apr 9, 2021",142.14,144.08,141.75,144.00,"4,879,272"
,"Apr 12, 2021",142.90,153.53,141.39,152.09,"21,733,050"
,"Apr 13, 2021",152.32,157.00,151.26,156.79,"16,905,297"
,"Apr 14, 2021",156.25,157.20,152.28,152.77,"9,637,548"
,"Apr 15, 2021",156.63,162.14,156.32,161.37,"14,962,017"
,"Apr 16, 2021",160.53,161.66,158.65,159.13,"8,380,189"
,"Apr 19, 2021",155.37,158.07,152.33,153.62,"10,110,452"
,"Apr 20, 2021",153.23,154.97,149.63,151.71,"8,353,326"
,"Apr 21, 2021",151.19,153.63,151.02,153.60,"5,419,426"
,"Apr 22, 2021",153.75,154.39,147.84,148.50,"6,944,657"
,"Apr 23, 2021",149.34,153.35,149.00,152.65,"5,694,305"
,"Apr 26, 2021",151.85,154.79,151.25,154.78,"4,944,927"
,"Apr 27, 2021",155.79,156.71,153.54,153.82,"4,114,325"
,"Apr 28, 2021",153.65,155.32,152.16,152.77,"5,235,405"
,"Apr 29, 2021",154.00,154.37,150.72,153.25,"4,329,912"
,"Apr 30, 2021",151.75,153.65,149.97,150.10,"5,047,752"
,"May 3, 2021",151.25,152.47,147.88,148.37,"5,097,796"
,"May 4, 2021",146.37,146.38,140.10,143.51,"10,133,120"
,"May 5, 2021",147.09,148.14,143.88,144.59,"7,300,576"
,"May 6, 2021",144.95,145.71,142.18,145.23,"4,834,523"
,"May 7, 2021",148.08,149.71,146.72,148.12,"5,733,183"
,"May 10, 2021",147.87,148.06,142.50,142.66,"6,722,595"
,"May 11, 2021",138.25,143.55,137.50,143.06,"7,139,634"
,"May 12, 2021",140.10,142.60,137.09,137.59,"7,585,233"
,"May 13, 2021",140.34,140.81,134.59,136.65,"7,143,187"
,"May 14, 2021",138.90,143.28,137.49,142.43,"6,465,375"
,"May 17, 2021",141.57,141.69,138.54,141.66,"5,424,521"
,"May 18, 2021",142.67,144.04,140.04,140.16,"4,656,356"
,"May 19, 2021",135.67,140.79,135.43,140.66,"8,599,984"
,"May 20, 2021",143.03,146.84,142.71,146.13,"8,039,798"
,"May 21, 2021",151.64,152.22,148.69,149.92,"16,824,800"
,"May 24, 2021",152.13,157.45,151.76,156.12,"13,870,405"
,"May 25, 2021",157.66,158.18,154.82,156.48,"10,885,172"
,"May 26, 2021",157.34,157.94,155.86,157.00,"9,260,966"
,"May 27, 2021",157.00,157.50,154.60,154.88,"14,536,880"
,"May 28, 2021",155.01,162.77,155.01,162.45,"16,113,390"
,"Jun 1, 2021",162.70,163.88,159.03,162.65,"11,820,075"
,"Jun 2, 2021",162.52,169.19,162.35,167.78,"14,854,189"
,"Jun 3, 2021",167.01,172.59,165.83,169.70,"14,500,170"
,"Jun 4, 2021",171.13,176.61,170.96,175.78,"15,428,007"
,"Jun 7, 2021",175.71,178.13,171.93,176.19,"14,393,873"
,"Jun 8, 2021",175.27,176.22,172.51,174.57,"8,096,169"
,"Jun 9, 2021",175.16,175.75,172.56,173.58,"9,541,437"
,"Jun 10, 2021",173.50,174.92,171.76,174.25,"7,194,261"
,"Jun 11, 2021",174.80,179.39,174.44,178.25,"10,407,691"
,"Jun 14, 2021",179.06,180.40,176.63,180.19,"8,034,357"
,"Jun 15, 2021",179.15,180.16,177.28,177.89,"6,075,761"
,"Jun 16, 2021",177.91,179.55,175.84,178.10,"7,678,065"
,"Jun 17, 2021",177.75,188.35,177.56,186.57,"20,241,372"
,"Jun 18, 2021",187.84,193.75,185.84,186.39,"24,221,357"
,"Jun 21, 2021",184.35,185.37,178.23,184.27,"16,809,554"
,"Jun 22, 2021",184.72,189.64,183.86,188.87,"14,503,639"
,"Jun 23, 2021",190.08,191.53,189.08,190.57,"8,308,926"
,"Jun 24, 2021",192.28,194.20,190.88,192.06,"8,023,060"
,"Jun 25, 2021",192.81,193.46,188.94,190.31,"6,959,148"
,"Jun 28, 2021",193.61,200.79,193.19,199.85,"12,385,914"
,"Jun 29, 2021",198.83,200.99,196.57,200.27,"9,190,846"
,"Jun 30, 2021",199.99,201.63,198.64,200.03,"8,164,154"
,"Jul 1, 2021",201.25,204.56,200.19,202.12,"12,003,374"
,"Jul 2, 2021",204.40,205.05,202.88,204.87,"8,584,917"
,"Jul 6, 2021",207.38,208.42,203.50,206.99,"11,167,687"
,"Jul 7, 2021",208.54,208.75,203.32,203.72,"10,460,682"
,"Jul 8, 2021",198.57,201.33,197.01,199.03,"12,582,492"
,"Jul 9, 2021",199.63,200.80,197.54,200.50,"7,415,567"
,"Jul 12, 2021",202.40,205.33,201.88,205.13,"8,049,619"
,"Jul 13, 2021",204.01,204.61,201.14,202.50,"7,267,658"
,"Jul 14, 2021",203.58,204.18,197.53,198.42,"9,502,480"
,"Jul 15, 2021",198.12,198.47,188.59,189.66,"13,764,113"
,"Jul 16, 2021",190.31,191.57,180.73,181.61,"17,205,566"
,"Jul 19, 2021",179.15,190.42,178.66,187.80,"18,726,469"
,"Jul 20, 2021",187.30,188.38,181.64,186.12,"43,468,654"
,"Jul 21, 2021",188.82,195.27,187.42,194.10,"37,101,736"
,"Jul 22, 2021",196.42,198.87,192.76,195.94,"32,382,595"
,"Jul 23, 2021",196.56,197.00,192.50,195.58,"19,567,198"
,"Jul 26, 2021",193.11,194.42,189.14,192.94,"20,394,316"
,"Jul 27, 2021",192.65,196.22,187.41,192.08,"24,886,258"
,"Jul 28, 2021",193.19,196.46,189.95,195.03,"20,219,115"
,"Jul 29, 2021",195.19,198.53,193.28,196.62,"19,078,088"
,"Jul 30, 2021",194.18,196.30,192.63,194.99,"18,349,746"
,"Aug 2, 2021",197.00,199.61,193.61,197.50,"21,744,397"
,"Aug 3, 2021",197.40,202.22,192.20,198.15,"30,181,074"
,"Aug 4, 2021",199.90,203.18,198.28,202.74,"23,130,940"
,"Aug 5, 2021",205.00,207.33,203.42,206.37,"21,143,537"
,"Aug 6, 2021",205.24,205.70,202.10,203.66,"17,849,661"
,"Aug 9, 2021",204.46,205.08,201.43,202.95,"14,644,310"
,"Aug 10, 2021",203.22,204.30,198.35,199.36,"17,923,778"
,"Aug 11, 2021",200.43,200.49,194.30,196.99,"18,592,484"
,"Aug 12, 2021",198.70,200.29,196.20,199.05,"15,186,155"
,"Aug 13, 2021",199.05,202.14,198.51,201.88,"18,306,286"
,"Aug 16, 2021",201.35,202.87,194.53,199.50,"21,115,280"
,"Aug 17, 2021",196.85,197.70,192.67,194.58,"20,458,485"
,"Aug 18, 2021",195.00,196.34,190.00,190.40,"28,591,348"
,"Aug 19, 2021",194.94,204.95,187.62,197.98,"76,655,477"
,"Aug 20, 2021",199.91,208.65,199.33,208.16,"67,574,131"
,"Aug 23, 2021",209.71,219.97,209.50,219.58,"57,580,658"
,"Aug 24, 2021",217.53,219.59,215.35,217.93,"29,729,892"
,"Aug 25, 2021",217.37,224.70,217.22,222.13,"34,770,104"
,"Aug 26, 2021",222.00,223.40,217.90,220.68,"23,794,042"
,"Aug 27, 2021",221.84,227.22,221.67,226.36,"30,472,219"
,"Aug 30, 2021",228.30,230.43,225.51,226.88,"26,257,990"
,"Aug 31, 2021",226.95,226.95,221.20,223.85,"25,984,968"
,"Sep 1, 2021",224.85,226.97,223.57,224.41,"20,176,695"
,"Sep 2, 2021",225.18,225.93,222.95,223.96,"18,810,957"
,"Sep 3, 2021",223.25,229.86,222.00,228.43,"28,083,198"
,"Sep 7, 2021",228.33,228.99,225.22,226.62,"19,810,716"
,"Sep 8, 2021",225.13,226.10,219.77,223.39,"25,443,421"
,"Sep 9, 2021",223.12,225.38,221.31,221.77,"19,685,601"
,"Sep 10, 2021",223.48,226.26,222.70,224.78,"24,837,574"
,"Sep 13, 2021",226.84,229.64,218.58,221.52,"29,749,990"
,"Sep 14, 2021",222.75,224.10,220.86,222.42,"19,975,460"
,"Sep 15, 2021",223.09,223.67,219.66,223.41,"16,653,801"
,"Sep 16, 2021",221.83,222.77,219.27,222.42,"15,603,344"
,"Sep 17, 2021",223.00,223.21,218.30,219.00,"29,450,284"
,"Sep 20, 2021",211.46,214.33,206.62,211.13,"34,944,045"
,"Sep 21, 2021",214.17,214.25,209.50,212.46,"20,468,810"
,"Sep 22, 2021",213.66,219.60,211.96,219.41,"26,872,556"
,"Sep 23, 2021",221.40,225.35,218.90,224.82,"24,855,491"
,"Sep 24, 2021",220.70,221.49,218.61,220.81,"21,765,545"
,"Sep 27, 2021",217.10,217.99,213.25,216.60,"24,521,514"
,"Sep 28, 2021",212.14,214.19,206.51,206.99,"34,306,895"
,"Sep 29, 2021",209.40,210.17,204.67,205.17,"21,839,363"
,"Sep 30, 2021",207.68,210.66,206.88,207.16,"22,100,912"
,"Oct 1, 2021",207.50,208.59,202.03,207.42,"24,097,796"
,"Oct 4, 2021",205.04,205.42,195.55,197.32,"34,563,497"
,"Oct 5, 2021",199.50,206.48,198.54,204.51,"27,928,165"
,"Oct 6, 2021",201.20,207.20,200.80,207.00,"29,720,175"
,"Oct 7, 2021",210.92,213.22,209.72,210.75,"25,691,893"
,"Oct 8, 2021",211.01,212.06,207.75,208.31,"15,125,791"
,"Oct 11, 2021",205.75,210.63,205.11,206.95,"16,338,754"
,"Oct 12, 2021",208.28,210.57,205.28,206.71,"16,213,354"
,"Oct 13, 2021",209.18,209.90,207.13,209.39,"18,065,188"
,"Oct 14, 2021",212.88,217.55,211.22,217.46,"24,358,881"
,"Oct 15, 2021",218.10,219.31,216.62,218.62,"22,699,401"
,"Oct 18, 2021",217.49,222.91,216.44,222.22,"18,949,356"
,"Oct 19, 2021",222.76,223.79,220.37,222.90,"16,147,329"
,"Oct 20, 2021",223.05,224.33,219.82,221.03,"14,627,594"
,"Oct 21, 2021",220.97,227.11,220.83,226.92,"18,759,032"
,"Oct 22, 2021",228.23,231.30,225.61,227.26,"24,938,379"
,"Oct 25, 2021",229.73,233.55,227.70,231.66,"23,023,483"
,"Oct 26, 2021",239.89,252.59,239.24,247.17,"48,589,830"
,"Oct 27, 2021",244.74,250.90,242.82,244.51,"24,598,989"
,"Oct 28, 2021",248.78,249.50,245.23,249.41,"23,420,431"
,"Oct 29, 2021",250.01,257.09,250.00,255.67,"29,250,284"
,"Nov 1, 2021",256.49,258.94,252.27,258.27,"26,573,976"
,"Nov 2, 2021",258.22,266.78,258.00,264.01,"29,411,239"
,"Nov 3, 2021",266.70,267.84,262.35,265.98,"23,991,033"
,"Nov 4, 2021",272.29,313.65,271.18,298.01,"115,363,115"
,"Nov 5, 2021",301.87,314.00,294.10,297.52,"85,126,015"
,"Nov 8, 2021",301.49,311.00,299.07,308.04,"50,310,093"
,"Nov 9, 2021",322.82,323.10,299.64,306.57,"64,674,621"
,"Nov 10, 2021",293.56,308.50,287.78,294.59,"63,620,572"
,"Nov 11, 2021",304.68,305.90,297.77,303.90,"33,217,211"
,"Nov 12, 2021",300.10,306.80,296.30,303.90,"41,305,428"
,"Nov 15, 2021",305.52,306.44,292.47,300.25,"38,490,900"
,"Nov 16, 2021",297.59,303.90,297.06,302.03,"26,448,367"
,"Nov 17, 2021",304.18,305.09,288.00,292.61,"42,850,799"
,"Nov 18, 2021",323.67,327.60,313.21,316.75,"78,171,075"
,"Nov 19, 2021",322.43,330.88,319.05,329.85,"53,386,665"
,"Nov 22, 2021",335.17,346.47,319.00,319.56,"75,433,524"
,"Nov 23, 2021",315.35,323.60,308.80,317.46,"53,216,270"
,"Nov 24, 2021",314.61,328.55,309.28,326.74,"43,516,226"
,"Nov 26, 2021",326.00,327.10,313.50,315.03,"28,306,886"
,"Nov 29, 2021",323.66,334.12,320.36,333.76,"45,496,398"
,"Nov 30, 2021",331.69,333.53,318.64,326.76,"62,206,647"
,"Dec 1, 2021",332.19,332.89,313.80,314.35,"48,580,204"
,"Dec 2, 2021",312.14,324.78,310.25,321.26,"47,289,033"
,"Dec 3, 2021",320.00,321.29,301.30,306.93,"54,432,505"
,"Dec 6, 2021",298.80,302.41,280.38,300.37,"65,893,845"
,"Dec 7, 2021",309.57,324.49,306.51,324.27,"59,305,348"
,"Dec 8, 2021",319.99,322.90,314.21,318.26,"47,555,145"
,"Dec 9, 2021",317.34,322.05,304.28,304.90,"48,850,716"
,"Dec 10, 2021",311.50,313.05,298.61,301.98,"48,882,509"
,"Dec 13, 2021",302.49,302.94,281.16,281.61,"59,834,366"
,"Dec 14, 2021",276.99,286.78,272.50,283.37,"66,703,537"
,"Dec 15, 2021",284.00,305.00,278.38,304.59,"69,829,688"
,"Dec 16, 2021",311.52,311.60,280.93,283.87,"70,736,595"
,"Dec 17, 2021",279.85,289.22,277.60,278.01,"71,662,239"
,"Dec 20, 2021",273.05,281.44,271.45,277.19,"46,184,676"
,"Dec 21, 2021",283.74,291.20,274.01,290.75,"52,438,494"
,"Dec 22, 2021",288.91,295.55,284.49,294.00,"39,518,438"
,"Dec 23, 2021",297.55,300.59,294.31,296.40,"34,302,174"
,"Dec 27, 2021",296.60,310.87,296.40,309.45,"40,368,587"
,"Dec 28, 2021",313.12,313.30,300.12,303.22,"42,059,121"
,"Dec 29, 2021",302.73,305.48,293.66,300.01,"34,313,928"
,"Dec 30, 2021",298.27,304.57,295.40,295.86,"30,886,422"
,"Dec 31, 2021",296.74,300.30,293.31,294.11,"26,652,991"
,"Jan 3, 2022",298.15,307.11,297.85,301.21,"39,240,294"
,"Jan 4, 2022",302.77,304.68,283.49,292.90,"52,715,440"
,"Jan 5, 2022",289.49,294.16,275.33,276.04,"49,806,388"
,"Jan 6, 2022",276.40,284.38,270.65,281.78,"45,418,637"
,"Jan 7, 2022",281.41,284.22,270.57,272.47,"40,993,851"
,"Jan 10, 2022",265.81,274.69,256.44,274.00,"59,468,095"
,"Jan 11, 2022",273.23,280.65,268.39,278.17,"40,408,929"
,"Jan 12, 2022",280.67,285.95,276.08,279.99,"38,341,348"
,"Jan 13, 2022",283.79,284.80,264.98,265.75,"53,886,809"
,"Jan 14, 2022",263.00,271.97,262.10,269.42,"39,583,235"
,"Jan 18, 2022",262.60,266.38,257.70,259.03,"42,530,617"
,"Jan 19, 2022",260.79,265.43,250.52,250.67,"48,831,451"
,"Jan 20, 2022",253.04,255.79,240.78,241.50,"43,518,073"
,"Jan 21, 2022",235.07,248.23,232.63,233.74,"71,895,784"
,"Jan 24, 2022",223.30,233.80,208.88,233.72,"91,581,063"
,"Jan 25, 2022",225.46,229.43,220.00,223.24,"66,461,636"
,"Jan 26, 2022",232.40,240.57,223.00,227.72,"75,595,873"
,"Jan 27, 2022",235.68,239.95,216.75,219.44,"57,335,272"
,"Jan 28, 2022",220.12,228.58,212.96,228.40,"54,377,425"
,"Jan 31, 2022",231.82,245.09,230.52,244.86,"56,467,968"
,"Feb 1, 2022",251.04,251.45,238.90,246.38,"51,892,517"
,"Feb 2, 2022",257.94,258.17,245.53,252.42,"54,341,941"
,"Feb 3, 2022",244.58,250.77,237.80,239.48,"41,017,778"
,"Feb 4, 2022",239.72,246.35,236.32,243.19,"35,482,850"
,"Feb 7, 2022",243.72,251.82,242.02,247.28,"37,686,750"
,"Feb 8, 2022",243.59,252.30,239.80,251.08,"41,035,864"
,"Feb 9, 2022",256.22,267.25,253.53,267.05,"52,428,166"
,"Feb 10, 2022",259.95,269.25,256.00,258.24,"51,319,972"
,"Feb 11, 2022",259.16,261.52,237.73,239.49,"60,547,198"
,"Feb 14, 2022",239.34,248.75,237.55,242.67,"44,042,443"
,"Feb 15, 2022",249.49,265.45,247.84,264.95,"70,175,280"
,"Feb 16, 2022",262.59,265.82,255.52,265.11,"73,267,633"
,"Feb 17, 2022",256.30,257.85,241.65,245.07,"81,059,508"
,"Feb 18, 2022",246.68,249.86,231.00,236.42,"76,125,491"
,"Feb 22, 2022",230.35,240.64,230.00,233.90,"63,342,244"
,"Feb 23, 2022",238.02,241.55,223.01,223.87,"56,651,077"
,"Feb 24, 2022",210.15,238.00,208.90,237.48,"73,580,063"
,"Feb 25, 2022",237.21,242.17,233.81,241.57,"52,886,551"
,"Feb 28, 2022",239.92,246.65,237.07,243.85,"47,731,861"
,"Mar 1, 2022",242.91,243.77,231.32,234.77,"41,205,598"
,"Mar 2, 2022",237.56,244.09,234.15,242.20,"38,964,185"
,"Mar 3, 2022",242.62,243.26,234.69,237.14,"36,509,504"
,"Mar 4, 2022",233.84,236.80,224.82,229.36,"43,201,070"
,"Mar 7, 2022",228.17,230.33,213.30,213.52,"45,082,089"
,"Mar 8, 2022",213.09,223.73,206.50,215.14,"55,746,719"
,"Mar 9, 2022",223.87,232.20,222.47,230.14,"49,274,195"
,"Mar 10, 2022",225.31,227.88,218.82,226.58,"42,806,565"
,"Mar 11, 2022",230.22,231.45,220.46,221.00,"36,720,857"
,"Mar 14, 2022",218.69,222.62,211.59,213.30,"38,535,424"
,"Mar 15, 2022",215.18,230.38,213.22,229.73,"49,199,569"
,"Mar 16, 2022",235.00,245.97,231.72,244.96,"67,142,174"
,"Mar 17, 2022",241.20,248.42,239.06,247.66,"47,194,119"
,"Mar 18, 2022",247.99,265.69,246.24,264.53,"73,071,856"
,"Mar 21, 2022",265.07,271.52,259.67,267.34,"59,172,708"
,"Mar 22, 2022",267.27,272.38,260.72,265.24,"54,700,710"
,"Mar 23, 2022",261.26,266.12,255.75,256.34,"50,211,986"
,"Mar 24, 2022",261.66,283.20,259.07,281.50,"87,737,914"
,"Mar 25, 2022",278.86,283.58,272.71,276.92,"57,901,618"
,"Mar 28, 2022",277.56,282.50,272.06,282.19,"42,549,392"
,"Mar 29, 2022",286.95,289.46,279.80,286.56,"48,898,440"
,"Mar 30, 2022",283.04,284.96,275.03,276.90,"46,348,713"
,"Mar 31, 2022",277.82,282.48,272.70,272.86,"52,344,022"
,"Apr 1, 2022",273.75,274.96,262.67,267.12,"51,723,511"
,"Apr 4, 2022",267.28,275.58,266.13,273.60,"39,770,782"
,"Apr 5, 2022",272.54,273.19,258.20,259.31,"43,661,473"
,"Apr 6, 2022",249.34,253.00,240.03,244.07,"70,383,256"
,"Apr 7, 2022",244.41,247.22,234.78,242.08,"55,799,236"
,"Apr 8, 2022",239.17,239.23,230.62,231.19,"52,478,064"
,"Apr 11, 2022",222.14,223.20,216.60,219.17,"57,520,684"
,"Apr 12, 2022",225.37,227.25,212.82,215.04,"66,225,807"
,"Apr 13, 2022",217.28,225.00,214.55,222.03,"51,694,344"
,"Apr 14, 2022",225.05,227.77,211.63,212.58,"56,909,685"
,"Apr 18, 2022",212.00,220.88,210.79,217.83,"52,570,061"
,"Apr 19, 2022",217.20,223.73,213.14,221.98,"51,278,058"
,"Apr 20, 2022",225.17,226.70,212.00,214.82,"46,897,444"
,"Apr 21, 2022",217.09,223.92,200.00,201.83,"65,620,944"
,"Apr 22, 2022",203.03,204.86,195.00,195.15,"62,471,343"
,"Apr 25, 2022",192.02,199.45,190.96,199.02,"64,156,561"
,"Apr 26, 2022",197.18,197.88,186.70,187.88,"65,314,250"
,"Apr 27, 2022",185.98,191.67,182.90,184.15,"49,946,017"
,"Apr 28, 2022",189.67,200.37,184.90,197.82,"57,032,671"
,"Apr 29, 2022",194.02,201.28,185.17,185.47,"50,043,491"
,"May 2, 2022",185.41,195.74,183.91,195.33,"57,204,868"
,"May 3, 2022",194.00,198.25,191.33,196.02,"47,575,084"
,"May 4, 2022",199.23,204.00,187.51,203.34,"64,885,463"
,"May 5, 2022",198.67,199.25,185.00,188.44,"62,633,141"
,"May 6, 2022",187.36,195.12,179.90,186.75,"63,329,672"
,"May 9, 2022",180.34,182.55,168.27,169.50,"64,445,451"
,"May 10, 2022",176.89,181.98,170.25,175.95,"76,147,429"
,"May 11, 2022",173.47,177.53,165.68,166.30,"67,016,703"
,"May 12, 2022",162.19,167.88,155.67,161.75,"70,872,837"
,"May 13, 2022",167.88,179.28,165.93,177.06,"67,043,651"
,"May 16, 2022",175.09,177.88,171.06,172.64,"52,144,598"
,"May 17, 2022",180.74,183.71,176.34,181.77,"58,582,971"
,"May 18, 2022",177.05,181.18,168.64,169.38,"54,516,106"
,"May 19, 2022",169.37,176.87,167.34,171.24,"62,130,959"
,"May 20, 2022",173.32,174.10,157.55,166.94,"73,910,526"
,"May 23, 2022",162.74,169.15,161.79,168.98,"63,988,869"
,"May 24, 2022",165.10,165.97,157.80,161.54,"58,855,002"
,"May 25, 2022",160.20,171.11,160.00,169.75,"78,113,190"
,"May 26, 2022",160.36,180.92,160.22,178.51,"99,657,452"
,"May 27, 2022",181.86,188.81,181.00,188.11,"73,837,935"
,"May 31, 2022",189.80,192.00,183.50,186.72,"66,409,951"
,"Jun 1, 2022",187.24,190.53,181.22,183.20,"54,451,390"
,"Jun 2, 2022",182.92,196.19,181.98,195.92,"64,865,580"
,"Jun 3, 2022",190.82,193.32,185.22,187.20,"59,877,870"
,"Jun 6, 2022",191.39,193.37,185.64,187.86,"42,240,615"
,"Jun 7, 2022",184.72,190.00,181.88,189.26,"38,891,411"
,"Jun 8, 2022",187.99,191.80,185.35,186.48,"36,325,246"
,"Jun 9, 2022",184.81,189.33,180.41,180.48,"39,557,379"
,"Jun 10, 2022",176.00,176.97,168.69,169.74,"46,564,966"
,"Jun 13, 2022",160.00,163.12,156.06,156.47,"60,415,338"
,"Jun 14, 2022",157.31,160.66,154.12,158.36,"46,967,952"
,"Jun 15, 2022",160.95,168.68,159.26,165.27,"56,393,565"
,"Jun 16, 2022",158.60,159.42,154.01,156.01,"54,574,867"
,"Jun 17, 2022",156.48,159.95,153.28,158.80,"63,033,397"
,"Jun 21, 2022",164.75,170.08,164.07,165.66,"48,308,888"
,"Jun 22, 2022",162.26,166.62,161.80,163.60,"43,799,744"
,"Jun 23, 2022",165.19,165.85,158.53,162.25,"46,367,959"
,"Jun 24, 2022",165.00,171.40,163.10,171.26,"47,215,283"
,"Jun 27, 2022",173.12,173.30,166.26,168.69,"42,796,788"
,"Jun 28, 2022",169.00,172.02,159.45,159.82,"46,185,936"
,"Jun 29, 2022",158.14,158.20,151.70,155.42,"48,235,228"
,"Jun 30, 2022",153.61,155.67,148.62,151.59,"68,607,003"
,"Jul 1, 2022",148.99,150.63,143.92,145.23,"57,761,008"
,"Jul 5, 2022",141.75,149.71,140.55,149.64,"65,220,761"
,"Jul 6, 2022",150.10,153.19,147.89,151.30,"52,906,586"
,"Jul 7, 2022",154.56,159.45,153.89,158.58,"49,290,276"
,"Jul 8, 2022",154.30,160.37,153.89,158.38,"46,797,176"
,"Jul 11, 2022",155.26,155.27,150.38,151.52,"43,838,873"
,"Jul 12, 2022",152.68,154.31,148.77,150.82,"45,848,310"
,"Jul 13, 2022",145.90,153.75,144.65,151.64,"52,191,834"
,"Jul 14, 2022",151.08,154.73,147.28,153.72,"45,623,484"
,"Jul 15, 2022",156.59,157.82,154.45,157.62,"38,593,547"
,"Jul 18, 2022",163.02,168.97,160.02,161.01,"67,051,745"
,"Jul 19, 2022",164.86,171.10,161.72,169.92,"70,236,608"
,"Jul 20, 2022",169.47,179.33,168.01,178.07,"76,053,779"
,"Jul 21, 2022",178.85,181.44,175.45,180.50,"55,704,928"
,"Jul 22, 2022",178.93,179.67,171.37,173.19,"53,667,088"
,"Jul 25, 2022",170.19,171.24,166.49,170.24,"48,074,751"
,"Jul 26, 2022",168.89,169.19,164.78,165.33,"39,786,491"
,"Jul 27, 2022",170.32,179.36,169.13,177.90,"56,977,623"
,"Jul 28, 2022",179.75,181.40,174.40,179.84,"47,464,628"
,"Jul 29, 2022",178.13,182.44,176.92,181.63,"43,546,042"
,"Aug 1, 2022",181.82,188.46,179.90,184.41,"47,646,904"
,"Aug 2, 2022",181.22,189.38,180.92,185.26,"48,952,692"
,"Aug 3, 2022",181.84,189.68,181.37,188.93,"41,814,557"
,"Aug 4, 2022",188.49,192.74,187.60,192.15,"40,965,227"
,"Aug 5, 2022",188.10,192.29,186.66,189.89,"38,606,829"
,"Aug 8, 2022",175.02,182.39,172.42,177.93,"98,378,318"
,"Aug 9, 2022",172.52,174.47,167.24,170.86,"66,826,265"
,"Aug 10, 2022",176.98,181.18,173.17,180.97,"59,742,246"
,"Aug 11, 2022",181.31,187.07,178.76,179.42,"50,932,655"
,"Aug 12, 2022",181.60,187.18,179.53,187.09,"47,809,415"
,"Aug 15, 2022",187.01,191.64,186.13,190.32,"45,766,556"
,"Aug 16, 2022",189.20,191.42,185.01,188.79,"45,123,964"
,"Aug 17, 2022",185.23,186.88,181.45,183.35,"44,679,911"
,"Aug 18, 2022",183.01,188.65,181.83,187.73,"41,544,656"
,"Aug 19, 2022",184.06,185.20,177.70,178.49,"44,158,833"
,"Aug 22, 2022",174.90,175.58,169.66,170.34,"40,959,271"
,"Aug 23, 2022",169.89,174.65,169.70,171.81,"36,998,577"
,"Aug 24, 2022",170.12,174.06,168.95,172.22,"52,266,071"
,"Aug 25, 2022",168.44,179.47,168.33,179.13,"77,069,133"
,"Aug 26, 2022",178.57,179.24,162.37,162.60,"76,912,743"
,"Aug 29, 2022",160.20,163.38,157.67,158.01,"49,613,194"
,"Aug 30, 2022",159.60,160.39,151.82,154.68,"53,018,069"
,"Aug 31, 2022",153.84,155.40,149.59,150.94,"57,370,986"
,"Sep 1, 2022",142.09,143.80,132.70,139.37,"117,886,514"
,"Sep 2, 2022",141.00,141.71,135.91,136.47,"74,315,746"
,"Sep 6, 2022",137.31,137.79,133.51,134.65,"53,575,118"
,"Sep 7, 2022",135.63,138.38,133.46,137.14,"51,265,746"
,"Sep 8, 2022",134.59,140.08,133.69,139.90,"62,487,312"
,"Sep 9, 2022",141.57,144.74,141.26,143.87,"48,712,842"
,"Sep 12, 2022",143.69,145.47,141.98,145.05,"48,415,924"
,"Sep 13, 2022",138.02,139.22,130.99,131.31,"71,495,563"
,"Sep 14, 2022",132.54,132.90,129.13,131.28,"58,850,654"
,"Sep 15, 2022",130.15,132.33,127.90,129.29,"52,362,516"
,"Sep 16, 2022",127.42,132.12,126.17,131.98,"67,075,140"
,"Sep 19, 2022",130.12,134.63,130.10,133.82,"56,968,528"
,"Sep 20, 2022",132.15,134.83,130.57,131.76,"52,481,775"
,"Sep 21, 2022",132.13,140.31,131.10,132.61,"80,767,940"
,"Sep 22, 2022",130.70,131.49,124.28,125.61,"75,916,216"
,"Sep 23, 2022",124.20,126.11,122.57,125.16,"66,330,931"
,"Sep 26, 2022",124.91,126.59,122.14,122.28,"54,734,269"
,"Sep 27, 2022",125.07,127.36,122.58,124.13,"55,385,406"
,"Sep 28, 2022",124.10,128.23,123.54,127.36,"54,241,388"
,"Sep 29, 2022",124.48,125.00,119.46,122.20,"53,276,312"
,"Sep 30, 2022",120.87,126.33,120.75,121.39,"56,563,842"
,"Oct 3, 2022",123.47,126.78,121.05,125.12,"54,747,847"
,"Oct 4, 2022",128.79,132.20,128.79,131.67,"58,418,167"
,"Oct 5, 2022",129.11,133.21,126.21,132.09,"50,713,073"
,"Oct 6, 2022",132.20,136.56,131.03,131.30,"64,415,689"
,"Oct 7, 2022",125.05,126.70,120.22,120.76,"67,247,816"
,"Oct 10, 2022",120.37,121.24,114.08,116.70,"69,869,925"
,"Oct 11, 2022",115.61,118.46,112.83,115.86,"66,748,163"
,"Oct 12, 2022",115.79,117.35,113.45,115.00,"49,259,019"
,"Oct 13, 2022",109.71,120.78,108.13,119.60,"85,010,301"
,"Oct 14, 2022",120.57,121.11,112.04,112.27,"71,343,199"
,"Oct 17, 2022",115.18,119.48,115.17,118.88,"58,077,417"
,"Oct 18, 2022",123.44,124.92,116.18,119.67,"65,936,206"
,"Oct 19, 2022",118.79,123.50,118.34,120.51,"52,313,061"
,"Oct 20, 2022",121.13,127.69,121.05,121.94,"65,239,761"
,"Oct 21, 2022",120.98,124.98,118.87,124.66,"60,949,441"
,"Oct 24, 2022",125.08,127.10,120.64,125.99,"51,745,740"
,"Oct 25, 2022",126.94,133.00,126.64,132.61,"50,548,233"
,"Oct 26, 2022",128.69,133.88,127.08,128.96,"53,553,329"
,"Oct 27, 2022",136.30,138.38,131.22,131.76,"58,311,308"
,"Oct 28, 2022",131.04,138.50,130.61,138.34,"52,103,993"
,"Oct 31, 2022",137.78,138.38,132.97,134.97,"48,634,099"
,"Nov 1, 2022",138.11,139.25,135.19,135.43,"43,281,690"
,"Nov 2, 2022",138.50,142.10,132.11,132.19,"67,262,784"
,"Nov 3, 2022",130.43,137.81,129.56,134.21,"50,006,486"
,"Nov 4, 2022",139.86,142.29,136.97,141.56,"61,257,591"
,"Nov 7, 2022",142.28,144.12,139.54,143.01,"41,006,095"
,"Nov 8, 2022",148.01,148.91,142.16,146.02,"59,529,199"
,"Nov 9, 2022",141.62,142.11,137.59,137.76,"45,441,366"
,"Nov 10, 2022",148.00,157.73,145.47,157.50,"70,081,925"
,"Nov 11, 2022",158.07,163.89,154.82,163.27,"65,548,747"
,"Nov 14, 2022",162.18,165.40,159.22,162.95,"52,785,245"
,"Nov 15, 2022",167.22,169.98,163.82,166.66,"54,587,550"
,"Nov 16, 2022",161.62,163.62,158.73,159.10,"64,954,684"
,"Nov 17, 2022",157.15,162.66,155.35,156.77,"71,089,356"
,"Nov 18, 2022",159.66,160.02,151.20,154.09,"49,207,165"
,"Nov 21, 2022",151.47,154.77,150.80,153.17,"40,473,931"
,"Nov 22, 2022",153.28,160.58,151.22,160.38,"47,286,607"
,"Nov 23, 2022",160.98,165.27,160.48,165.19,"42,724,093"
,"Nov 25, 2022",163.18,164.87,161.72,162.70,"16,793,430"
,"Nov 28, 2022",160.26,163.57,157.25,158.27,"30,415,201"
,"Nov 29, 2022",158.27,159.32,155.20,156.39,"29,838,449"
,"Nov 30, 2022",156.97,169.30,155.97,169.23,"56,529,822"
,"Dec 1, 2022",169.99,172.65,166.35,171.35,"47,097,657"
,"Dec 2, 2022",166.59,169.33,164.45,168.76,"37,138,858"
,"Dec 5, 2022",166.79,169.95,164.72,166.10,"35,225,517"
,"Dec 6, 2022",165.30,165.73,158.19,159.87,"35,269,427"
,"Dec 7, 2022",157.72,161.86,156.67,161.20,"37,238,758"
,"Dec 8, 2022",162.73,171.79,159.59,171.69,"51,545,554"
,"Dec 9, 2022",171.60,175.83,169.75,170.01,"46,533,819"
,"Dec 12, 2022",170.37,175.38,167.97,175.35,"45,732,780"
,"Dec 13, 2022",185.31,187.90,177.11,180.72,"65,658,876"
,"Dec 14, 2022",179.87,182.52,174.20,176.74,"49,688,810"
,"Dec 15, 2022",171.46,173.20,167.00,169.52,"47,854,210"
,"Dec 16, 2022",168.64,170.41,164.10,165.71,"47,823,193"
,"Dec 19, 2022",165.72,166.09,161.45,162.54,"35,403,877"
,"Dec 20, 2022",160.64,163.10,158.52,160.85,"40,325,979"
,"Dec 21, 2022",161.14,166.27,161.02,165.01,"32,502,538"
,"Dec 22, 2022",160.94,161.38,148.82,153.39,"56,504,527"
,"Dec 23, 2022",151.96,153.39,148.83,152.06,"34,932,563"
,"Dec 27, 2022",150.74,151.00,140.56,141.21,"46,490,226"
,"Dec 28, 2022",139.27,142.62,138.84,140.36,"35,106,645"
,"Dec 29, 2022",144.02,146.83,142.27,146.03,"35,492,324"
,"Dec 30, 2022",143.34,146.29,142.33,146.14,"31,048,983"
,"Jan 3, 2023",148.51,149.96,140.96,143.15,"40,127,658"
,"Jan 4, 2023",145.67,148.53,142.41,147.49,"43,132,360"
,"Jan 5, 2023",144.91,145.64,141.48,142.65,"38,916,811"
,"Jan 6, 2023",144.74,150.10,140.34,148.59,"40,504,362"
,"Jan 9, 2023",152.84,160.56,151.41,156.28,"50,423,056"
,"Jan 10, 2023",155.07,159.62,154.72,159.09,"38,410,126"
,"Jan 11, 2023",158.40,160.28,155.63,160.01,"35,328,493"
,"Jan 12, 2023",161.00,166.37,154.92,165.11,"55,140,906"
,"Jan 13, 2023",162.78,169.22,161.65,168.99,"44,728,706"
,"Jan 17, 2023",168.99,177.28,168.99,177.02,"51,110,216"
,"Jan 18, 2023",176.67,178.73,172.82,173.77,"43,962,355"
,"Jan 19, 2023",170.36,171.97,167.31,167.65,"45,293,160"
,"Jan 20, 2023",170.11,178.56,168.25,178.39,"56,496,712"
,"Jan 23, 2023",180.64,192.45,178.18,191.93,"65,516,259"
,"Jan 24, 2023",188.27,194.95,188.20,192.65,"49,620,410"
,"Jan 25, 2023",189.13,193.70,185.80,193.23,"44,953,711"
,"Jan 26, 2023",197.01,201.66,192.78,198.02,"48,953,542"
,"Jan 27, 2023",194.62,206.28,194.05,203.65,"54,214,198"
,"Jan 30, 2023",199.50,201.40,191.50,191.62,"48,861,115"
,"Jan 31, 2023",191.70,196.87,189.50,195.37,"49,801,658"
,"Feb 1, 2023",196.91,211.92,196.11,209.43,"66,047,704"
,"Feb 2, 2023",210.00,219.49,207.00,217.09,"56,427,580"
,"Feb 3, 2023",210.00,217.45,207.89,211.00,"42,936,595"
,"Feb 6, 2023",208.06,215.70,207.86,210.89,"45,219,709"
,"Feb 7, 2023",213.82,222.59,211.50,221.73,"66,414,961"
,"Feb 8, 2023",223.87,228.78,220.08,222.05,"55,965,122"
,"Feb 9, 2023",226.06,230.20,221.20,223.37,"52,387,578"
,"Feb 10, 2023",216.90,220.78,208.11,212.65,"55,073,675"
,"Feb 13, 2023",215.38,220.48,209.62,217.88,"47,491,862"
,"Feb 14, 2023",215.78,230.49,213.66,229.71,"67,547,350"
,"Feb 15, 2023",225.49,228.55,221.06,227.64,"42,118,826"
,"Feb 16, 2023",221.33,225.50,219.27,220.02,"41,202,628"
,"Feb 17, 2023",216.31,217.40,209.75,213.88,"46,588,764"
,"Feb 21, 2023",210.00,214.94,206.18,206.55,"41,001,455"
,"Feb 22, 2023",207.07,211.04,204.21,207.54,"51,318,432"
,"Feb 23, 2023",234.40,238.88,230.25,236.64,"111,799,541"
,"Feb 24, 2023",232.25,234.74,229.47,232.86,"58,971,591"
,"Feb 27, 2023",236.70,238.80,234.54,235.01,"45,299,367"
,"Feb 28, 2023",233.72,238.25,232.06,232.16,"45,596,280"
,"Mar 1, 2023",231.92,232.56,225.08,226.98,"46,002,562"
,"Mar 2, 2023",224.88,233.80,224.32,233.14,"39,007,465"
,"Mar 3, 2023",233.20,239.00,231.30,238.90,"41,239,330"
,"Mar 6, 2023",238.91,242.48,234.87,235.54,"43,742,923"
,"Mar 7, 2023",236.00,241.25,232.41,232.88,"51,515,388"
,"Mar 8, 2023",234.87,242.00,234.24,241.81,"51,357,339"
,"Mar 9, 2023",241.75,244.54,233.83,234.36,"50,125,699"
,"Mar 10, 2023",234.09,236.27,227.26,229.65,"47,486,565"
,"Mar 13, 2023",227.52,232.98,222.97,229.66,"42,189,032"
,"Mar 14, 2023",234.96,242.19,234.60,240.63,"47,491,013"
,"Mar 15, 2023",237.61,242.86,233.60,242.28,"52,448,574"
,"Mar 16, 2023",240.27,255.88,238.94,255.41,"58,494,626"
,"Mar 17, 2023",259.82,263.99,256.68,257.25,"84,854,656"