Date,Close
3/21/2005,2.083333
3/22/2005,2.045833
3/23/2005,2.09
3/24/2005,2.094167
3/28/2005,2.070833
3/29/2005,2.025
3/30/2005,2.025
3/31/2005,1.98
4/1/2005,1.960833
4/4/2005,1.949167
4/5/2005,1.915
4/6/2005,1.944167
4/7/2005,1.98
4/8/2005,1.954167
4/11/2005,1.915833
4/12/2005,1.939167
4/13/2005,1.858333
4/14/2005,1.843333
4/15/2005,1.779167
4/18/2005,1.766667
4/19/2005,1.828333
4/20/2005,1.7725
4/21/2005,1.870833
4/22/2005,1.853333
4/25/2005,1.8825
4/26/2005,1.874167
4/27/2005,1.8025
4/28/2005,1.808333
4/29/2005,1.8275
5/2/2005,1.820833
5/3/2005,1.810833
5/4/2005,1.868333
5/5/2005,1.905
5/6/2005,1.930833
5/9/2005,1.966667
5/10/2005,1.89
5/11/2005,1.858333
5/12/2005,1.899167
5/13/2005,2.110833
5/16/2005,2.118333
5/17/2005,2.141667
5/18/2005,2.1575
5/19/2005,2.153333
5/20/2005,2.191667
5/23/2005,2.2425
5/24/2005,2.274167
5/25/2005,2.245
5/26/2005,2.308333
5/27/2005,2.293333
5/31/2005,2.258333
6/1/2005,2.279167
6/2/2005,2.364167
6/3/2005,2.358333
6/6/2005,2.335833
6/7/2005,2.279167
6/8/2005,2.263333
6/9/2005,2.358333
6/10/2005,2.331667
6/13/2005,2.383333
6/14/2005,2.2425
6/15/2005,2.235833
6/16/2005,2.2475
6/17/2005,2.2425
6/20/2005,2.276667
6/21/2005,2.298333
6/22/2005,2.295833
6/23/2005,2.331667
6/24/2005,2.2575
6/27/2005,2.239167
6/28/2005,2.253333
6/29/2005,2.2325
6/30/2005,2.226667
7/1/2005,2.236667
7/5/2005,2.271667
7/6/2005,2.3325
7/7/2005,2.315833
7/8/2005,2.345
7/11/2005,2.38
7/12/2005,2.366667
7/13/2005,2.37
7/14/2005,2.265
7/15/2005,2.240833
7/18/2005,2.185
7/19/2005,2.215
7/20/2005,2.248333
7/21/2005,2.21
7/22/2005,2.1525
7/25/2005,2.165
7/26/2005,2.21
7/27/2005,2.255
7/28/2005,2.2725
7/29/2005,2.255
8/1/2005,2.289167
8/2/2005,2.32
8/3/2005,2.32
8/4/2005,2.295833
8/5/2005,2.354167
8/8/2005,2.3625
8/9/2005,2.356667
8/10/2005,2.321667
8/11/2005,2.354167
8/12/2005,2.495833
8/15/2005,2.559167
8/16/2005,2.515833
8/17/2005,2.515833
8/18/2005,2.450833
8/19/2005,2.433333
8/22/2005,2.413333
8/23/2005,2.429167
8/24/2005,2.430833
8/25/2005,2.4475
8/26/2005,2.41
8/29/2005,2.414167
8/30/2005,2.500833
8/31/2005,2.556667
9/1/2005,2.5575
9/2/2005,2.515833
9/6/2005,2.536667
9/7/2005,2.6175
9/8/2005,2.648333
9/9/2005,2.6825
9/12/2005,2.673333
9/13/2005,2.754167
9/14/2005,2.720833
9/15/2005,2.769167
9/16/2005,2.770833
9/19/2005,2.731667
9/20/2005,2.785
9/21/2005,2.760833
9/22/2005,2.686667
9/23/2005,2.725833
9/26/2005,2.748333
9/27/2005,2.7575
9/28/2005,2.774167
9/29/2005,2.831667
9/30/2005,2.856667
10/3/2005,2.935
10/4/2005,2.896667
10/5/2005,2.800833
10/6/2005,2.790833
10/7/2005,2.755
10/10/2005,2.685
10/11/2005,2.651667
10/12/2005,2.683333
10/13/2005,2.669167
10/14/2005,2.669167
10/17/2005,2.695
10/18/2005,2.650833
10/19/2005,2.628333
10/20/2005,2.646667
10/21/2005,2.661667
10/24/2005,2.734167
10/25/2005,2.751667
10/26/2005,2.676667
10/27/2005,2.620833
10/28/2005,2.701667
10/31/2005,2.795833
11/1/2005,2.761667
11/2/2005,2.921667
11/3/2005,2.8875
11/4/2005,2.838333
11/7/2005,2.825833
11/8/2005,2.773333
11/9/2005,2.898333
11/10/2005,2.790833
11/11/2005,2.836667
11/14/2005,2.896667
11/15/2005,2.903333
11/16/2005,2.893333
11/17/2005,3.021667
11/18/2005,3.015833
11/21/2005,3.069167
11/22/2005,3.150833
11/23/2005,3.141667
11/25/2005,3.1725
11/28/2005,3.156667
11/29/2005,2.956667
11/30/2005,3.0125
12/1/2005,3.048333
12/2/2005,3.049167
12/5/2005,2.9925
12/6/2005,3.005
12/7/2005,3.01
12/8/2005,2.985833
12/9/2005,3.028333
12/12/2005,3.0725
12/13/2005,3.1125
12/14/2005,3.083333
12/15/2005,3.044167
12/16/2005,3.070833
12/19/2005,3.02
12/20/2005,3.018333
12/21/2005,3.0125
12/22/2005,3.104167
12/23/2005,3.128333
12/27/2005,3.1475
12/28/2005,3.176667
12/29/2005,3.105833
12/30/2005,3.046667
1/3/2006,3.185
1/4/2006,3.274167
1/5/2006,3.348333
1/6/2006,3.403333
1/9/2006,3.498333
1/10/2006,3.499167
1/11/2006,3.625833
1/12/2006,3.574167
1/13/2006,3.5425
1/17/2006,3.54
1/18/2006,3.558333
1/19/2006,3.755833
1/20/2006,3.650833
1/23/2006,3.671667
1/24/2006,3.69
1/25/2006,3.6575
1/26/2006,3.7825
1/27/2006,3.854167
1/30/2006,3.810833
1/31/2006,3.746667
2/1/2006,3.749167
2/2/2006,3.635
2/3/2006,3.668333
2/6/2006,3.771667
2/7/2006,3.6375
2/8/2006,3.7425
2/9/2006,3.679167
2/10/2006,3.658333
2/13/2006,3.670833
2/14/2006,3.6775
2/15/2006,3.748333
2/16/2006,3.933333
2/17/2006,3.955833
2/21/2006,3.871667
2/22/2006,3.865
2/23/2006,3.805833
2/24/2006,3.805
2/27/2006,3.959167
2/28/2006,3.9275
3/1/2006,4.076667
3/2/2006,4.0825
3/3/2006,4.096667
3/6/2006,4.088333
3/7/2006,4.018333
3/8/2006,3.998333
3/9/2006,4.019167
3/10/2006,3.949167
3/13/2006,3.996667
3/14/2006,4.1075
3/15/2006,4.173333
3/16/2006,4.031667
3/17/2006,4.064167
3/20/2006,4.033333
3/21/2006,4.2325
3/22/2006,4.110833
3/23/2006,4.1875
3/24/2006,4.329167
3/27/2006,4.445833
3/28/2006,4.514167
3/29/2006,4.756667
3/30/2006,4.789167
3/31/2006,4.771667
4/3/2006,4.825
4/4/2006,5.050833
4/5/2006,5.091667
4/6/2006,5.101667
4/7/2006,5.088333
4/10/2006,5
4/11/2006,4.878333
4/12/2006,5.075
4/13/2006,4.933333
4/17/2006,4.946667
4/18/2006,4.83
4/19/2006,4.86
4/20/2006,4.853333
4/21/2006,4.678333
4/24/2006,4.821667
4/25/2006,4.818333
4/26/2006,4.785
4/27/2006,4.861667
4/28/2006,4.87
5/1/2006,5.15
5/2/2006,5.143333
5/3/2006,5.176667
5/4/2006,5.143333
5/5/2006,5.213333
5/8/2006,5.19
5/9/2006,5.031667
5/10/2006,4.92
5/11/2006,4.745
5/12/2006,4.388333
5/15/2006,4.451667
5/16/2006,4.335
5/17/2006,4.16
5/18/2006,3.971667
5/19/2006,4.055
5/22/2006,4
5/23/2006,3.956667
5/24/2006,4.008333
5/25/2006,3.986667
5/26/2006,3.995
5/30/2006,3.828333
5/31/2006,3.83
6/1/2006,4.03
6/2/2006,3.971667
6/5/2006,3.805
6/6/2006,3.703333
6/7/2006,3.636667
6/8/2006,3.57
6/9/2006,3.558333
6/12/2006,3.361667
6/13/2006,3.31
6/14/2006,3.406667
6/15/2006,3.705
6/16/2006,3.61
6/19/2006,3.501667
6/20/2006,3.446667
6/21/2006,3.485
6/22/2006,3.383333
6/23/2006,3.385
6/26/2006,3.353333
6/27/2006,3.246667
6/28/2006,3.426667
6/29/2006,3.581667
6/30/2006,3.548333
7/3/2006,3.6
7/5/2006,3.438333
7/6/2006,3.331667
7/7/2006,3.228333
7/10/2006,3.088333
7/11/2006,3.191667
7/12/2006,3.038333
7/13/2006,2.96
7/14/2006,2.945
7/17/2006,2.968333
7/18/2006,3.13
7/19/2006,3.266667
7/20/2006,3.201667
7/21/2006,2.961667
7/24/2006,3.26
7/25/2006,3.375
7/26/2006,3.375
7/27/2006,3.423333
7/28/2006,3.778333
7/31/2006,3.69
8/1/2006,3.541667
8/2/2006,3.813333
8/3/2006,4.053333
8/4/2006,3.998333
8/7/2006,3.951667
8/8/2006,4.056667
8/9/2006,4.055
8/10/2006,4.026667
8/11/2006,3.9
8/14/2006,3.88
8/15/2006,4.253333
8/16/2006,4.558333
8/17/2006,4.486667
8/18/2006,4.56
8/21/2006,4.391667
8/22/2006,4.385
8/23/2006,4.381667
8/24/2006,4.426667
8/25/2006,4.413333
8/28/2006,4.565
8/29/2006,4.771667
8/30/2006,4.87
8/31/2006,4.851667
9/1/2006,4.648333
9/5/2006,4.75
9/6/2006,4.511667
9/7/2006,4.601667
9/8/2006,4.616667
9/11/2006,4.688333
9/12/2006,4.811667
9/13/2006,4.85
9/14/2006,4.831667
9/15/2006,4.926667
9/18/2006,5.113333
9/19/2006,4.98
9/20/2006,5.161667
9/21/2006,5.12
9/22/2006,4.968333
9/25/2006,5.146667
9/26/2006,5.038333
9/27/2006,5.023333
9/28/2006,4.928333
9/29/2006,4.931667
10/2/2006,4.806667
10/3/2006,4.716667
10/4/2006,5.18
10/5/2006,5.033333
10/6/2006,5.155
10/9/2006,5.486667
10/10/2006,5.361667
10/11/2006,5.391667
10/12/2006,5.413333
10/13/2006,5.628333
10/16/2006,5.618333
10/17/2006,5.403333
10/18/2006,5.26
10/19/2006,5.36
10/20/2006,5.298333
10/23/2006,5.263333
10/24/2006,5.416667
10/25/2006,5.466667
10/26/2006,5.64
10/27/2006,5.396667
10/30/2006,5.461667
10/31/2006,5.811667
11/1/2006,5.363333
11/2/2006,5.326667
11/3/2006,5.433333
11/6/2006,5.598333
11/7/2006,5.683333
11/8/2006,5.766667
11/9/2006,5.881667
11/10/2006,5.74
11/13/2006,6
11/14/2006,6.06
11/15/2006,5.96
11/16/2006,6.036667
11/17/2006,6.053333
11/20/2006,6.11
11/21/2006,6.015
11/22/2006,6.118333
11/24/2006,6.163333
11/27/2006,5.885
11/28/2006,5.995
11/29/2006,6.083333
11/30/2006,6.165
12/1/2006,5.923333
12/4/2006,6.163333
12/5/2006,6.1
12/6/2006,6.091667
12/7/2006,5.945
12/8/2006,5.925
12/11/2006,6.026667
12/12/2006,5.965
12/13/2006,6.035
12/14/2006,6.141667
12/15/2006,6.25
12/18/2006,6.358333
12/19/2006,6.45
12/20/2006,6.376667
12/21/2006,6.321667
12/22/2006,6.171667
12/26/2006,6.17
12/27/2006,6.251667
12/28/2006,6.206667
12/29/2006,6.168333
1/3/2007,6.013333
1/4/2007,5.985
1/5/2007,5.61
1/8/2007,5.651667
1/9/2007,5.541667
1/10/2007,5.815
1/11/2007,5.793333
1/12/2007,5.871667
1/16/2007,5.881667
1/17/2007,5.758333
1/18/2007,5.281667
1/19/2007,5.313333
1/22/2007,5.313333
1/23/2007,5.315
1/24/2007,5.48
1/25/2007,5.288333
1/26/2007,5.245
1/29/2007,5.03
1/30/2007,5.126667
1/31/2007,5.108333
2/1/2007,5.173333
2/2/2007,5.308333
2/5/2007,5.395
2/6/2007,5.586667
2/7/2007,5.805
2/8/2007,5.73
2/9/2007,5.441667
2/12/2007,5.561667
2/13/2007,5.666667
2/14/2007,5.591667
2/15/2007,5.625
2/16/2007,5.453333
2/20/2007,5.501667
2/21/2007,5.42
2/22/2007,5.455
2/23/2007,5.441667
2/26/2007,5.358333
2/27/2007,5.196667
2/28/2007,5.166667
3/1/2007,5.103333
3/2/2007,4.961667
3/5/2007,4.793333
3/6/2007,5.076667
3/7/2007,4.933333
3/8/2007,5.136667
3/9/2007,5.085
3/12/2007,5.055
3/13/2007,4.841667
3/14/2007,4.818333
3/15/2007,4.77
3/16/2007,4.725
3/19/2007,4.748333
3/20/2007,4.725
3/21/2007,4.995
3/22/2007,5.105
3/23/2007,5.048333
3/26/2007,5.058333
3/27/2007,4.963333
3/28/2007,4.868333
3/29/2007,4.783333
3/30/2007,4.796667
4/2/2007,4.791667
4/3/2007,4.773333
4/4/2007,4.763333
4/5/2007,5.15
4/9/2007,5.056667
4/10/2007,5.005
4/11/2007,4.915
4/12/2007,5.055
4/13/2007,5.096667
4/16/2007,5.07
4/17/2007,5.118333
4/18/2007,5.181667
4/19/2007,5.253333
4/20/2007,5.315
4/23/2007,5.228333
4/24/2007,5.425
4/25/2007,5.518333
4/26/2007,5.586667
4/27/2007,5.511667
4/30/2007,5.481667
5/1/2007,5.54
5/2/2007,5.475
5/3/2007,5.578333
5/4/2007,5.618333
5/7/2007,5.506667
5/8/2007,5.548333
5/9/2007,5.573333
5/10/2007,5.47
5/11/2007,5.856667
5/14/2007,5.798333
5/15/2007,5.746667
5/16/2007,5.82
5/17/2007,5.723333
5/18/2007,5.836667
5/21/2007,5.855
5/22/2007,5.886667
5/23/2007,5.73
5/24/2007,5.523333
5/25/2007,5.61
5/29/2007,5.67
5/30/2007,5.683333
5/31/2007,5.773333
6/1/2007,5.813333
6/4/2007,5.845
6/5/2007,6.018333
6/6/2007,6.063333
6/7/2007,5.998333
6/8/2007,6.091667
6/11/2007,6.113333
6/12/2007,6.05
6/13/2007,6.195
6/14/2007,6.305
6/15/2007,6.591667
6/18/2007,6.595
6/19/2007,6.636667
6/20/2007,6.643333
6/21/2007,7.163333
6/22/2007,7.27
6/25/2007,7.078333
6/26/2007,6.75
6/27/2007,6.931667
6/28/2007,6.998333
6/29/2007,6.885
7/2/2007,7.171667
7/3/2007,7.183333
7/5/2007,7.26
7/6/2007,7.295
7/9/2007,7.506667
7/10/2007,7.58
7/11/2007,7.546667
7/12/2007,7.691667
7/13/2007,7.645
7/16/2007,7.783333
7/17/2007,7.75
7/18/2007,7.608333
7/19/2007,7.6
7/20/2007,7.516667
7/23/2007,7.591667
7/24/2007,7.391667
7/25/2007,7.356667
7/26/2007,7.393333
7/27/2007,7.375
7/30/2007,7.581667
7/31/2007,7.626667
8/1/2007,7.57
8/2/2007,7.536667
8/3/2007,7.09
8/6/2007,7.15
8/7/2007,7.263333
8/8/2007,7.598333
8/9/2007,7.688333
8/10/2007,7.331667
8/13/2007,7.251667
8/14/2007,7.533333
8/15/2007,7.215
8/16/2007,7.095
8/17/2007,7.513333
8/20/2007,7.483333
8/21/2007,7.888333
8/22/2007,8.068333
8/23/2007,8
8/24/2007,8.041667
8/27/2007,8.223333
8/28/2007,7.721667
8/29/2007,8.16
8/30/2007,8.113333
8/31/2007,8.526667
9/4/2007,8.79
9/5/2007,8.723333
9/6/2007,8.761667
9/7/2007,8.441667
9/10/2007,8.465
9/11/2007,8.645
9/12/2007,8.305
9/13/2007,8.3075
9/14/2007,8.0625
9/17/2007,8.045
9/18/2007,8.75
9/19/2007,8.59
9/20/2007,8.54
9/21/2007,8.6225
9/24/2007,8.8425
9/25/2007,8.955
9/26/2007,9.1675
9/27/2007,9.195
9/28/2007,9.06
10/1/2007,9.4425
10/2/2007,9.3525
10/3/2007,8.955
10/4/2007,8.995
10/5/2007,9.2325
10/8/2007,9.3825
10/9/2007,9.2175
10/10/2007,9.2275
10/11/2007,8.8175
10/12/2007,9.0325
10/15/2007,9.0975
10/16/2007,9.18
10/17/2007,9.885
10/18/2007,9.8775
10/19/2007,9.3475
10/22/2007,9.79
10/23/2007,9.8375
10/24/2007,9.505
10/25/2007,8.675
10/26/2007,8.6
10/29/2007,8.3975
10/30/2007,8.705
10/31/2007,8.845
11/1/2007,8.845
11/2/2007,9.185
11/5/2007,9.185
11/6/2007,9.475
11/7/2007,9.025
11/8/2007,8.46
11/9/2007,8.34
11/12/2007,7.5075
11/13/2007,8.17
11/14/2007,8.0425
11/15/2007,7.935
11/16/2007,8.1125
11/19/2007,7.565
11/20/2007,7.5075
11/21/2007,7.4275
11/23/2007,7.555
11/26/2007,7.38
11/27/2007,7.6975
11/28/2007,8.2125
11/29/2007,8.28
11/30/2007,7.885
12/3/2007,8
12/4/2007,7.9925
12/5/2007,8.4075
12/6/2007,8.5775
12/7/2007,8.47
12/10/2007,8.5625
12/11/2007,8.5725
12/12/2007,8.8675
12/13/2007,8.625
12/14/2007,8.7675
12/17/2007,8.32
12/18/2007,8.5325
12/19/2007,8.6125
12/20/2007,8.7925
12/21/2007,8.79
12/24/2007,8.945
12/26/2007,9.065
12/27/2007,8.785
12/28/2007,8.6975
12/31/2007,8.505
1/2/2008,8.2525
1/3/2008,8.1875
1/4/2008,7.5
1/7/2008,6.725
1/8/2008,6.8675
1/9/2008,7.2225
1/10/2008,7.0725
1/11/2008,6.7625
1/14/2008,7.2125
1/15/2008,6.6825
1/16/2008,5.9275
1/17/2008,5.825
1/18/2008,6.21
1/22/2008,5.9
1/23/2008,6.0075
1/24/2008,6.4675
1/25/2008,6.2375
1/28/2008,6.1625
1/29/2008,6.3525
1/30/2008,6.2975
1/31/2008,6.1475
2/1/2008,6.715
2/4/2008,6.505
2/5/2008,6.0975
2/6/2008,6.0775
2/7/2008,6.1375
2/8/2008,6.2475
2/11/2008,6.2675
2/12/2008,6.5
2/13/2008,6.755
2/14/2008,5.6525
2/15/2008,5.5675
2/19/2008,5.485
2/20/2008,5.445
2/21/2008,5.3225
2/22/2008,5.58
2/25/2008,5.5775
2/26/2008,5.625
2/27/2008,5.7125
2/28/2008,5.4975
2/29/2008,5.3475
3/3/2008,5.285
3/4/2008,5.2325
3/5/2008,5.2925
3/6/2008,4.96
3/7/2008,4.8875
3/10/2008,4.6075
3/11/2008,4.76
3/12/2008,4.63
3/13/2008,4.925
3/14/2008,4.58
3/17/2008,4.465
3/18/2008,4.7425
3/19/2008,4.415
3/20/2008,4.63
3/24/2008,5.0075
3/25/2008,5.08
3/26/2008,4.9175
3/27/2008,4.8475
3/28/2008,4.92
3/31/2008,4.9475
4/1/2008,5.25
4/2/2008,5.09
4/3/2008,4.995
4/4/2008,4.695
4/7/2008,4.8075
4/8/2008,4.78
4/9/2008,4.875
4/10/2008,4.97
4/11/2008,4.6325
4/14/2008,4.4775
4/15/2008,4.53
4/16/2008,4.71
4/17/2008,4.645
4/18/2008,4.755
4/21/2008,4.9675
4/22/2008,4.875
4/23/2008,5.11
4/24/2008,4.9875
4/25/2008,5.0375
4/28/2008,4.9475
4/29/2008,5.05
4/30/2008,5.1375
5/1/2008,5.375
5/2/2008,5.63
5/5/2008,5.49
5/6/2008,5.6325
5/7/2008,5.5025
5/8/2008,5.4875
5/9/2008,5.6325
5/12/2008,5.4725
5/13/2008,5.36
5/14/2008,5.5175
5/15/2008,5.945
5/16/2008,6.1025
5/19/2008,5.975
5/20/2008,5.82
5/21/2008,5.7725
5/22/2008,5.9125
5/23/2008,5.7775
5/27/2008,5.84
5/28/2008,5.895
5/29/2008,5.88
5/30/2008,6.175
6/2/2008,6.2
6/3/2008,5.99
6/4/2008,6.06
6/5/2008,6.2125
6/6/2008,6.015
6/9/2008,5.9225
6/10/2008,5.5725
6/11/2008,5.3125
6/12/2008,5.345
6/13/2008,5.3275
6/16/2008,5.255
6/17/2008,5.1275
6/18/2008,4.9775
6/19/2008,4.965
6/20/2008,4.94
6/23/2008,4.8375
6/24/2008,4.9975
6/25/2008,5.025
6/26/2008,4.7675
6/27/2008,4.82
6/30/2008,4.68
7/1/2008,4.6875
7/2/2008,4.5075
7/3/2008,3.1225
7/7/2008,3.025
7/8/2008,3.0075
7/9/2008,2.955
7/10/2008,2.9475
7/11/2008,2.9175
7/14/2008,2.785
7/15/2008,2.815
7/16/2008,2.83
7/17/2008,2.84
7/18/2008,2.89
7/21/2008,2.9075
7/22/2008,2.845
7/23/2008,2.93
7/24/2008,2.7575
7/25/2008,2.89
7/28/2008,2.8825
7/29/2008,2.9125
7/30/2008,2.87
7/31/2008,2.86
8/1/2008,2.71
8/4/2008,2.645
8/5/2008,2.7975
8/6/2008,2.8725
8/7/2008,2.8275
8/8/2008,2.75
8/11/2008,2.8075
8/12/2008,2.7675
8/13/2008,3.065
8/14/2008,3.25
8/15/2008,3.24
8/18/2008,3.305
8/19/2008,3.355
8/20/2008,3.52
8/21/2008,3.405
8/22/2008,3.4025
8/25/2008,3.3525
8/26/2008,3.2725
8/27/2008,3.2975
8/28/2008,3.285
8/29/2008,3.16
9/2/2008,3.08
9/3/2008,2.915
9/4/2008,2.875
9/5/2008,2.9175
9/8/2008,2.7975
9/9/2008,2.7025
9/10/2008,2.705
9/11/2008,2.575
9/12/2008,2.5475
9/15/2008,2.325
9/16/2008,2.3975
9/17/2008,2.5
9/18/2008,2.7225
9/19/2008,2.8525
9/22/2008,2.7925
9/23/2008,2.7125
9/24/2008,2.8125
9/25/2008,2.8675
9/26/2008,2.9225
9/29/2008,2.525
9/30/2008,2.6775
10/1/2008,2.6025
10/2/2008,2.3325
10/3/2008,2.2575
10/6/2008,1.9625
10/7/2008,1.81
10/8/2008,1.8475
10/9/2008,1.73
10/10/2008,1.7025
10/13/2008,2.0125
10/14/2008,1.9675
10/15/2008,1.755
10/16/2008,1.925
10/17/2008,1.9125
10/20/2008,1.95
10/21/2008,1.8
10/22/2008,1.7325
10/23/2008,1.635
10/24/2008,1.6525
10/27/2008,1.7425
10/28/2008,2.005
10/29/2008,2.07
10/30/2008,2.1575
10/31/2008,2.19
11/3/2008,2.11
11/4/2008,2.245
11/5/2008,2.1275
11/6/2008,1.905
11/7/2008,2.18
11/10/2008,2.04
11/11/2008,1.95
11/12/2008,1.835
11/13/2008,1.985
11/14/2008,1.7925
11/17/2008,1.755
11/18/2008,1.6975
11/19/2008,1.5575
11/20/2008,1.475
11/21/2008,1.595
11/24/2008,1.7
11/25/2008,1.7475
11/26/2008,1.9025
11/28/2008,1.8675
12/1/2008,1.7075
12/2/2008,1.8025
12/3/2008,1.895
12/4/2008,1.77
12/5/2008,1.84
12/8/2008,1.78
12/9/2008,1.9525
12/10/2008,2.1375
12/11/2008,2.0475
12/12/2008,2.15
12/15/2008,2.08
12/16/2008,2.22
12/17/2008,2.33
12/18/2008,2.115
12/19/2008,2.13
12/22/2008,2.005
12/23/2008,1.9775
12/24/2008,1.93
12/26/2008,1.8775
12/29/2008,1.9375
12/30/2008,2.005
12/31/2008,2.0175
1/2/2009,2.1775
1/5/2009,2.2175
1/6/2009,2.2925
1/7/2009,2.155
1/8/2009,2.1
1/9/2009,1.9825
1/12/2009,1.9025
1/13/2009,1.9125
1/14/2009,1.8275
1/15/2009,1.8925
1/16/2009,1.9975
1/20/2009,1.8025
1/21/2009,1.89
1/22/2009,1.855
1/23/2009,1.9275
1/26/2009,1.9925
1/27/2009,2.11
1/28/2009,2.1975
1/29/2009,2.07
1/30/2009,1.9875
2/2/2009,2.095
2/3/2009,2.12
2/4/2009,2.18
2/5/2009,2.34
2/6/2009,2.4675
2/9/2009,2.435
2/10/2009,2.33
2/11/2009,2.0375
2/12/2009,2.08
2/13/2009,2.0775
2/17/2009,1.9575
2/18/2009,2.01
2/19/2009,1.855
2/20/2009,1.9025
2/23/2009,1.815
2/24/2009,1.9775
2/25/2009,2
2/26/2009,2.065
2/27/2009,2.07
3/2/2009,1.895
3/3/2009,1.97
3/4/2009,2.115
3/5/2009,2.065
3/6/2009,2.0975
3/9/2009,2.075
3/10/2009,2.2625
3/11/2009,2.325
3/12/2009,2.4625
3/13/2009,2.45
3/16/2009,2.355
3/17/2009,2.4725
3/18/2009,2.55
3/19/2009,2.52
3/20/2009,2.3825
3/23/2009,2.555
3/24/2009,2.445
3/25/2009,2.485
3/26/2009,2.64
3/27/2009,2.615
3/30/2009,2.4475
3/31/2009,2.465
4/1/2009,2.5275
4/2/2009,2.645
4/3/2009,2.83
4/6/2009,2.8375
4/7/2009,2.74
4/8/2009,2.8525
4/9/2009,3.01
4/13/2009,2.9125
4/14/2009,2.93
4/15/2009,2.8475
4/16/2009,2.92
4/17/2009,2.94
4/20/2009,2.7625
4/21/2009,2.755
4/22/2009,2.8375
4/23/2009,2.7925
4/24/2009,2.8575
4/27/2009,2.755
4/28/2009,2.7625
4/29/2009,2.72
4/30/2009,2.87
5/1/2009,2.9175
5/4/2009,3.075
5/5/2009,2.95
5/6/2009,2.89
5/7/2009,2.6825
5/8/2009,2.3125
5/11/2009,2.3575
5/12/2009,2.245
5/13/2009,2.1
5/14/2009,2.13
5/15/2009,2.185
5/18/2009,2.3175
5/19/2009,2.3625
5/20/2009,2.4325
5/21/2009,2.4175
5/22/2009,2.455
5/26/2009,2.5875
5/27/2009,2.5925
5/28/2009,2.6275
5/29/2009,2.6075
6/1/2009,2.735
6/2/2009,2.7125
6/3/2009,2.6275
6/4/2009,2.7225
6/5/2009,2.7075
6/8/2009,2.6925
6/9/2009,2.84
6/10/2009,2.93
6/11/2009,2.8925
6/12/2009,2.8775
6/15/2009,2.83
6/16/2009,2.7525
6/17/2009,2.82
6/18/2009,2.765
6/19/2009,2.795
6/22/2009,2.6375
6/23/2009,2.625
6/24/2009,2.7125
6/25/2009,2.855
6/26/2009,2.8925
6/29/2009,2.8925
6/30/2009,2.8225
7/1/2009,2.835
7/2/2009,2.725
7/6/2009,2.6375
7/7/2009,2.5225
7/8/2009,2.5275
7/9/2009,2.5825
7/10/2009,2.5925
7/13/2009,2.6225
7/14/2009,2.6775
7/15/2009,2.7875
7/16/2009,2.9325
7/17/2009,3.0175
7/20/2009,3.055
7/21/2009,2.9925
7/22/2009,3.0675
7/23/2009,3.25
7/24/2009,3.24
7/27/2009,3.255
7/28/2009,3.26
7/29/2009,3.195
7/30/2009,3.22
7/31/2009,3.2325
8/3/2009,3.32
8/4/2009,3.3425
8/5/2009,3.35
8/6/2009,3.28
8/7/2009,3.4275
8/10/2009,3.315
8/11/2009,3.2375
8/12/2009,3.3575
8/13/2009,3.4575
8/14/2009,3.355
8/17/2009,3.215
8/18/2009,3.3325
8/19/2009,3.295
8/20/2009,3.425
8/21/2009,3.4825
8/24/2009,3.385
8/25/2009,3.415
8/26/2009,3.455
8/27/2009,3.5025
8/28/2009,3.6825
8/31/2009,3.63
9/1/2009,3.5075
9/2/2009,3.5575
9/3/2009,3.6425
9/4/2009,3.7775
9/8/2009,3.8825
9/9/2009,3.99
9/10/2009,4.1175
9/11/2009,4.08
9/14/2009,4.0125
9/15/2009,4.095
9/16/2009,3.985
9/17/2009,3.81
9/18/2009,3.805
9/21/2009,3.7875
9/22/2009,3.795
9/23/2009,3.735
9/24/2009,3.685
9/25/2009,3.625
9/28/2009,3.7075
9/29/2009,3.64
9/30/2009,3.7575
10/1/2009,3.49
10/2/2009,3.4625
10/5/2009,3.445
10/6/2009,3.5025
10/7/2009,3.475
10/8/2009,3.4975
10/9/2009,3.5425
10/12/2009,3.5025
10/13/2009,3.49
10/14/2009,3.485
10/15/2009,3.3825
10/16/2009,3.305
10/19/2009,3.425
10/20/2009,3.4275
10/21/2009,3.345
10/22/2009,3.3675
10/23/2009,3.2875
10/26/2009,3.245
10/27/2009,3.135
10/28/2009,3.005
10/29/2009,3.1375
10/30/2009,2.99
11/2/2009,3.0175
11/3/2009,3.0025
11/4/2009,2.995
11/5/2009,3.0675
11/6/2009,3.29
11/9/2009,3.365
11/10/2009,3.2825
11/11/2009,3.375
11/12/2009,3.365
11/13/2009,3.39
11/16/2009,3.4375
11/17/2009,3.4325
11/18/2009,3.38
11/19/2009,3.245
11/20/2009,3.225
11/23/2009,3.25
11/24/2009,3.23
11/25/2009,3.2675
11/27/2009,3.1975
11/30/2009,3.265
12/1/2009,3.33
12/2/2009,3.43
12/3/2009,3.4575
12/4/2009,3.565
12/7/2009,4.0225
12/8/2009,3.8275
12/9/2009,3.9225
12/10/2009,3.8525
12/11/2009,3.8025
12/14/2009,3.9175
12/15/2009,3.9125
12/16/2009,4.2275
12/17/2009,4.2075
12/18/2009,4.205
12/21/2009,4.355
12/22/2009,4.47
12/23/2009,4.5325
12/24/2009,4.5225
12/28/2009,4.45
12/29/2009,4.505
12/30/2009,4.6675
12/31/2009,4.67
1/4/2010,4.6225
1/5/2010,4.69
1/6/2010,4.72
1/7/2010,4.6275
1/8/2010,4.6375
1/11/2010,4.5725
1/12/2010,4.4175
1/13/2010,4.4775
1/14/2010,4.4075
1/15/2010,4.2775
1/19/2010,4.3575
1/20/2010,4.34
1/21/2010,4.2625
1/22/2010,4.115
1/25/2010,4.185
1/26/2010,4.0525
1/27/2010,4.1625
1/28/2010,4.0225
1/29/2010,3.8475
2/1/2010,4.1425
2/2/2010,4.185
2/3/2010,4.22
2/4/2010,3.975
2/5/2010,4.055
2/8/2010,4.0475
2/9/2010,4.015
2/10/2010,4.0925
2/11/2010,4.28
2/12/2010,4.3375
2/16/2010,4.4175
2/17/2010,4.46
2/18/2010,4.1675
2/19/2010,4.145
2/22/2010,4.1525
2/23/2010,4.0525
2/24/2010,4.1375
2/25/2010,4.1
2/26/2010,4.05
3/1/2010,4.2125
3/2/2010,4.21
3/3/2010,4.1575
3/4/2010,4.165
3/5/2010,4.2925
3/8/2010,4.23
3/9/2010,4.3875
3/10/2010,4.3975
3/11/2010,4.2975
3/12/2010,4.3125
3/15/2010,4.29
3/16/2010,4.44
3/17/2010,4.525
3/18/2010,4.365
3/19/2010,4.3125
3/22/2010,4.3825
3/23/2010,4.4725
3/24/2010,4.3225
3/25/2010,4.335
3/26/2010,4.335
3/29/2010,4.39
3/30/2010,4.4075
3/31/2010,4.35
4/1/2010,4.305
4/5/2010,4.37
4/6/2010,4.2625
4/7/2010,4.29
4/8/2010,4.22
4/9/2010,4.2475
4/12/2010,4.325
4/13/2010,4.415
4/14/2010,4.47
4/15/2010,4.5025
4/16/2010,4.265
4/19/2010,4.245
4/20/2010,4.26
4/21/2010,4.15
4/22/2010,4.1675
4/23/2010,4.11
4/26/2010,4.15
4/27/2010,4.0325
4/28/2010,4.04
4/29/2010,4.1625
4/30/2010,3.9275
5/3/2010,3.885
5/4/2010,3.6875
5/5/2010,3.625
5/6/2010,3.55
5/7/2010,3.49
5/10/2010,3.64
5/11/2010,3.6
5/12/2010,3.67
5/13/2010,3.6625
5/14/2010,3.24
5/17/2010,3.2475
5/18/2010,3.14
5/19/2010,3.19
5/20/2010,3.115
5/21/2010,3.1825
5/24/2010,3.09
5/25/2010,3.1725
5/26/2010,3.1875
5/27/2010,3.375
5/28/2010,3.285
6/1/2010,3.145
6/2/2010,3.18
6/3/2010,3.175
6/4/2010,3.025
6/7/2010,2.875
6/8/2010,2.795
6/9/2010,2.7275
6/10/2010,2.8375
6/11/2010,2.9025
6/14/2010,2.84
6/15/2010,2.98
6/16/2010,2.9425
6/17/2010,3.055
6/18/2010,3.075
6/21/2010,3.0025
6/22/2010,2.89
6/23/2010,2.9225
6/24/2010,2.7775
6/25/2010,2.77
6/28/2010,2.775
6/29/2010,2.62
6/30/2010,2.5525
7/1/2010,2.595
7/2/2010,2.5625
7/6/2010,2.535
7/7/2010,2.6575
7/8/2010,2.5775
7/9/2010,2.5875
7/12/2010,2.635
7/13/2010,2.73
7/14/2010,2.7575
7/15/2010,2.68
7/16/2010,2.5125
7/19/2010,2.615
7/20/2010,2.68
7/21/2010,2.5925
7/22/2010,2.635
7/23/2010,2.59
7/26/2010,2.6375
7/27/2010,2.615
7/28/2010,2.5325
7/29/2010,2.2825
7/30/2010,2.2975
8/2/2010,2.295
8/3/2010,2.235
8/4/2010,2.33
8/5/2010,2.36
8/6/2010,2.3875
8/9/2010,2.41
8/10/2010,2.31
8/11/2010,2.22
8/12/2010,2.24
8/13/2010,2.3475
8/16/2010,2.2875
8/17/2010,2.3175
8/18/2010,2.33
8/19/2010,2.47
8/20/2010,2.4925
8/23/2010,2.455
8/24/2010,2.43
8/25/2010,2.48
8/26/2010,2.45
8/27/2010,2.53
8/30/2010,2.41
8/31/2010,2.3325
9/1/2010,2.35
9/2/2010,2.3925
9/3/2010,2.475
9/7/2010,2.4975
9/8/2010,2.58
9/9/2010,2.545
9/10/2010,2.5175
9/13/2010,2.66
9/14/2010,2.635
9/15/2010,2.64
9/16/2010,2.6425
9/17/2010,2.6375
9/20/2010,2.6775
9/21/2010,2.8225
9/22/2010,2.8475
9/23/2010,2.905
9/24/2010,3.065
9/27/2010,3
9/28/2010,2.9925
9/29/2010,2.97
9/30/2010,2.92
10/1/2010,2.8375
10/4/2010,2.81
10/5/2010,2.83
10/6/2010,2.695
10/7/2010,2.675
10/8/2010,2.715
10/11/2010,2.7025
10/12/2010,2.755
10/13/2010,2.835
10/14/2010,2.79
10/15/2010,2.8225
10/18/2010,2.84
10/19/2010,2.8225
10/20/2010,2.8225
10/21/2010,2.7725
10/22/2010,2.95
10/25/2010,2.9775
10/26/2010,2.9675
10/27/2010,3.01
10/28/2010,3.0125
10/29/2010,3.005
11/1/2010,3.01
11/2/2010,3.0725
11/3/2010,3.095
11/4/2010,3.1
11/5/2010,3.1525
11/8/2010,3.165
11/9/2010,3.1475
11/10/2010,3.185
11/11/2010,3.1525
11/12/2010,3.315
11/15/2010,3.275
11/16/2010,3.1775
11/17/2010,3.23
11/18/2010,3.33
11/19/2010,3.4375
11/22/2010,3.44
11/23/2010,3.36
11/24/2010,3.4425
11/26/2010,3.4
11/29/2010,3.4375
11/30/2010,3.4025
12/1/2010,3.5525
12/2/2010,3.595
12/3/2010,3.6975
12/6/2010,3.6275
12/7/2010,3.745
12/8/2010,3.7775
12/9/2010,3.715
12/10/2010,3.7375
12/13/2010,3.6425
12/14/2010,3.6475
12/15/2010,3.5675
12/16/2010,3.5725
12/17/2010,3.5925
12/20/2010,3.5775
12/21/2010,3.7175
12/22/2010,3.7575
12/23/2010,3.73
12/27/2010,3.75
12/28/2010,3.735
12/29/2010,3.735
12/30/2010,3.7475
12/31/2010,3.85
1/3/2011,3.955
1/4/2011,3.9425
1/5/2011,4.245
1/6/2011,4.8325
1/7/2011,4.9675
1/10/2011,5.1575
1/11/2011,5.0775
1/12/2011,5.8375
1/13/2011,5.8475
1/14/2011,5.8975
1/18/2011,5.76
1/19/2011,5.6025
1/20/2011,5.6075
1/21/2011,5.555
1/24/2011,6.1825
1/25/2011,5.9925
1/26/2011,6.135
1/27/2011,6.1175
1/28/2011,5.94
1/31/2011,5.98
2/1/2011,6.1175
2/2/2011,6.395
2/3/2011,6.275
2/4/2011,6.4175
2/7/2011,6.15
2/8/2011,5.9675
2/9/2011,5.8225
2/10/2011,5.705
2/11/2011,5.8675
2/14/2011,5.7775
2/15/2011,5.6375
2/16/2011,5.845
2/17/2011,6.42
2/18/2011,6.4075
2/22/2011,5.8025
2/23/2011,5.5275
2/24/2011,5.6625
2/25/2011,5.78
2/28/2011,5.665
3/1/2011,5.4125
3/2/2011,5.1875
3/3/2011,5.2175
3/4/2011,5.19
3/7/2011,5.1175
3/8/2011,4.8875
3/9/2011,4.785
3/10/2011,4.48
3/11/2011,4.5125
3/14/2011,4.55
3/15/2011,4.415
3/16/2011,4.3825
3/17/2011,4.465
3/18/2011,4.405
3/21/2011,4.44
3/22/2011,4.3625
3/23/2011,4.4525
3/24/2011,4.8075
3/25/2011,4.6575
3/28/2011,4.83
3/29/2011,4.7925
3/30/2011,4.6125
3/31/2011,4.615
4/1/2011,4.55
4/4/2011,4.3875
4/5/2011,4.395
4/6/2011,4.365
4/7/2011,4.525
4/8/2011,4.3875
4/11/2011,4.33
4/12/2011,4.3425
4/13/2011,4.44
4/14/2011,4.6275
4/15/2011,4.6775
4/18/2011,4.5225
4/19/2011,4.505
4/20/2011,4.6425
4/21/2011,4.63
4/25/2011,4.7025
4/26/2011,4.825
4/27/2011,4.825
4/28/2011,4.8775
4/29/2011,5
5/2/2011,4.9325
5/3/2011,4.6975
5/4/2011,4.6625
5/5/2011,4.665
5/6/2011,4.83
5/9/2011,4.9375
5/10/2011,4.945
5/11/2011,4.9675
5/12/2011,5.125
5/13/2011,4.565
5/16/2011,4.425
5/17/2011,4.4075
5/18/2011,4.51
5/19/2011,4.445
5/20/2011,4.5225
5/23/2011,4.5175
5/24/2011,4.535
5/25/2011,4.59
5/26/2011,4.705
5/27/2011,4.875
5/31/2011,5.01
6/1/2011,4.785
6/2/2011,4.7625
6/3/2011,4.615
6/6/2011,4.5175
6/7/2011,4.515
6/8/2011,4.3925
6/9/2011,4.3425
6/10/2011,4.28
6/13/2011,4.25
6/14/2011,4.285
6/15/2011,4.1925
6/16/2011,4.0475
6/17/2011,3.9525
6/20/2011,3.905
6/21/2011,3.99
6/22/2011,3.935
6/23/2011,4.0525
6/24/2011,3.935
6/27/2011,3.8525
6/28/2011,3.875
6/29/2011,3.935
6/30/2011,3.985
7/1/2011,4.0375
7/5/2011,3.97
7/6/2011,3.9175
7/7/2011,3.9325
7/8/2011,3.8575
7/11/2011,3.7225
7/12/2011,3.6725
7/13/2011,3.665
7/14/2011,3.52
7/15/2011,3.525
7/18/2011,3.45
7/19/2011,3.555
7/20/2011,3.51
7/21/2011,3.675
7/22/2011,3.75
7/25/2011,3.69
7/26/2011,3.6
7/27/2011,3.465
7/28/2011,3.4575
7/29/2011,3.4575
8/1/2011,3.6425
8/2/2011,3.605
8/3/2011,3.7025
8/4/2011,3.35
8/5/2011,3.2375
8/8/2011,2.9825
8/9/2011,3.2325
8/10/2011,3.085
8/11/2011,3.3525
8/12/2011,3.22
8/15/2011,3.3425
8/16/2011,3.2475
8/17/2011,3.2025
8/18/2011,2.985
8/19/2011,2.9325
8/22/2011,2.985
8/23/2011,3.3075
8/24/2011,3.26
8/25/2011,3.12
8/26/2011,3.2525
8/29/2011,3.34
8/30/2011,3.42
8/31/2011,3.3275
9/1/2011,3.32
9/2/2011,3.23
9/6/2011,3.295
9/7/2011,3.5625
9/8/2011,3.545
9/9/2011,3.47
9/12/2011,3.5525
9/13/2011,3.6325
9/14/2011,3.82
9/15/2011,3.875
9/16/2011,3.865
9/19/2011,3.785
9/20/2011,3.6875
9/21/2011,3.6175
9/22/2011,3.3775
9/23/2011,3.4475
9/26/2011,3.455
9/27/2011,3.46
9/28/2011,3.355
9/29/2011,3.2725
9/30/2011,3.1275
10/3/2011,2.9525
10/4/2011,3.225
10/5/2011,3.34
10/6/2011,3.4725
10/7/2011,3.5375
10/10/2011,3.695
10/11/2011,3.655
10/12/2011,3.6525
10/13/2011,3.865
10/14/2011,3.93
10/17/2011,3.735
10/18/2011,3.87
10/19/2011,3.7925
10/20/2011,3.6025
10/21/2011,3.62
10/24/2011,3.755
10/25/2011,3.6125
10/26/2011,3.655
10/27/2011,3.8125
10/28/2011,3.9
10/31/2011,3.7
11/1/2011,3.515
11/2/2011,3.455
11/3/2011,3.6625
11/4/2011,3.705
11/7/2011,3.685
11/8/2011,3.77
11/9/2011,3.58
11/10/2011,3.6175
11/11/2011,3.745
11/14/2011,3.6725
11/15/2011,3.72
11/16/2011,3.645
11/17/2011,3.515
11/18/2011,3.4825
11/21/2011,3.6575
11/22/2011,3.77
11/23/2011,3.61
11/25/2011,3.51
11/28/2011,3.7075
11/29/2011,3.7275
11/30/2011,3.9075
12/1/2011,3.955
12/2/2011,3.93
12/5/2011,3.87
12/6/2011,3.815
12/7/2011,3.7925
12/8/2011,3.6725
12/9/2011,3.725
12/12/2011,3.6325
12/13/2011,3.5325
12/14/2011,3.395
12/15/2011,3.365
12/16/2011,3.3775
12/19/2011,3.29
12/20/2011,3.475
12/21/2011,3.43
12/22/2011,3.5775
12/23/2011,3.5425
12/27/2011,3.515
12/28/2011,3.4275
12/29/2011,3.4925
12/30/2011,3.465
1/3/2012,3.51
1/4/2012,3.55
1/5/2012,3.6775
1/6/2012,3.635
1/9/2012,3.635
1/10/2012,3.62
1/11/2012,3.5475
1/12/2012,3.525
1/13/2012,3.4325
1/17/2012,3.38
1/18/2012,3.495
1/19/2012,3.5875
1/20/2012,3.555
1/23/2012,3.6525
1/24/2012,3.735
1/25/2012,3.7125
1/26/2012,3.6775
1/27/2012,3.7275
1/30/2012,3.7
1/31/2012,3.6925
2/1/2012,3.7325
2/2/2012,3.8725
2/3/2012,3.955
2/6/2012,3.925
2/7/2012,3.935
2/8/2012,4.0775
2/9/2012,4.075
2/10/2012,3.975
2/13/2012,4.0375
2/14/2012,4.06
2/15/2012,4.0425
2/16/2012,4.1125
2/17/2012,3.9625
2/21/2012,3.9825
2/22/2012,3.955
2/23/2012,3.9775
2/24/2012,3.9475
2/27/2012,3.8675
2/28/2012,3.8325
2/29/2012,3.7875
3/1/2012,3.8125
3/2/2012,3.845
3/5/2012,3.715
3/6/2012,3.68
3/7/2012,3.7025
3/8/2012,3.715
3/9/2012,3.705
3/12/2012,3.6475
3/13/2012,3.6975
3/14/2012,3.5925
3/15/2012,3.645
3/16/2012,3.65
3/19/2012,3.66
3/20/2012,3.6
3/21/2012,3.615
3/22/2012,3.61
3/23/2012,3.6375
3/26/2012,3.68
3/27/2012,3.705
3/28/2012,3.79
3/29/2012,3.8075
3/30/2012,3.85
4/2/2012,3.8325
4/3/2012,3.77
4/4/2012,3.6625
4/5/2012,3.6575
4/9/2012,3.61
4/10/2012,3.54
4/11/2012,3.585
4/12/2012,3.67
4/13/2012,3.54
4/16/2012,3.4975
4/17/2012,3.505
4/18/2012,3.4675
4/19/2012,3.415
4/20/2012,3.3475
4/23/2012,3.3075
4/24/2012,3.205
4/25/2012,3.27
4/26/2012,3.2725
4/27/2012,3.245
4/30/2012,3.25
5/1/2012,3.3075
5/2/2012,3.2125
5/3/2012,3.1575
5/4/2012,3.065
5/7/2012,3.1175
5/8/2012,3.115
5/9/2012,3.1275
5/10/2012,3.105
5/11/2012,3.3025
5/14/2012,3.2825
5/15/2012,3.25
5/16/2012,3.185
5/17/2012,3.1625
5/18/2012,3.02
5/21/2012,3.0725
5/22/2012,3.035
5/23/2012,3.11
5/24/2012,3.0275
5/25/2012,3.1
5/29/2012,3.18
5/30/2012,3.1425
5/31/2012,3.1075
6/1/2012,2.995
6/4/2012,2.9325
6/5/2012,3.0175
6/6/2012,3.0975
6/7/2012,2.9725
6/8/2012,3.03
6/11/2012,3.065
6/12/2012,3.1275
6/13/2012,3.045
6/14/2012,3.0075
6/15/2012,3.0725
6/18/2012,3.1
6/19/2012,3.31
6/20/2012,3.3625
6/21/2012,3.21
6/22/2012,3.25
6/25/2012,3.1475
6/26/2012,3.1825
6/27/2012,3.285
6/28/2012,3.31
6/29/2012,3.455
7/2/2012,3.3625
7/3/2012,3.45
7/5/2012,3.415
7/6/2012,3.35
7/9/2012,3.305
7/10/2012,3.205
7/11/2012,3.1525
7/12/2012,3.1
7/13/2012,3.14
7/16/2012,3.15
7/17/2012,3.0925
7/18/2012,3.265
7/19/2012,3.2975
7/20/2012,3.2025
7/23/2012,3.245
7/24/2012,3.21
7/25/2012,3.2725
7/26/2012,3.2875
7/27/2012,3.37
7/30/2012,3.3325
7/31/2012,3.385
8/1/2012,3.3475
8/2/2012,3.36
8/3/2012,3.43
8/6/2012,3.5025
8/7/2012,3.5375
8/8/2012,3.5575
8/9/2012,3.6775
8/10/2012,3.655
8/13/2012,3.7025
8/14/2012,3.6475
8/15/2012,3.62
8/16/2012,3.695
8/17/2012,3.6625
8/20/2012,3.6625
8/21/2012,3.6525
8/22/2012,3.66
8/23/2012,3.5775
8/24/2012,3.65
8/27/2012,3.5875
8/28/2012,3.5725
8/29/2012,3.58
8/30/2012,3.5125
8/31/2012,3.5075
9/4/2012,3.32
9/5/2012,3.33
9/6/2012,3.4325
9/7/2012,3.35
9/10/2012,3.32
9/11/2012,3.36
9/12/2012,3.3975
9/13/2012,3.42
9/14/2012,3.46
9/17/2012,3.365
9/18/2012,3.3875
9/19/2012,3.4275
9/20/2012,3.4025
9/21/2012,3.4175
9/24/2012,3.415
9/25/2012,3.3525
9/26/2012,3.295
9/27/2012,3.32
9/28/2012,3.335
10/1/2012,3.28
10/2/2012,3.2925
10/3/2012,3.26
10/4/2012,3.405
10/5/2012,3.325
10/8/2012,3.2925
10/9/2012,3.2225
10/10/2012,3.1675
10/11/2012,3.185
10/12/2012,3.1575
10/15/2012,3.1975
10/16/2012,3.29
10/17/2012,3.265
10/18/2012,3.215
10/19/2012,3.0275
10/22/2012,2.9925
10/23/2012,3.0825
10/24/2012,3.0425
10/25/2012,3.045
10/26/2012,3.0125
10/31/2012,2.995
11/1/2012,3.1375
11/2/2012,3.1225
11/5/2012,3.255
11/6/2012,3.2525
11/7/2012,3.1525
11/8/2012,3.17
11/9/2012,3.0475
11/12/2012,2.98
11/13/2012,2.9575
11/14/2012,2.885
11/15/2012,2.8975
11/16/2012,2.845
11/19/2012,2.925
11/20/2012,2.8725
11/21/2012,2.955
11/23/2012,2.975
11/26/2012,3.0275
11/27/2012,3.04
11/28/2012,3.065
11/29/2012,3.01
11/30/2012,2.9925
12/3/2012,2.9375
12/4/2012,3.025
12/5/2012,2.99
12/6/2012,2.995
12/7/2012,2.99
12/10/2012,3.09
12/11/2012,3.1625
12/12/2012,3.13
12/13/2012,3.1325
12/14/2012,3.1475
12/17/2012,3.135
12/18/2012,3.14
12/19/2012,3.1625
12/20/2012,3.16
12/21/2012,3.0875
12/24/2012,3.0625
12/26/2012,3.06
12/27/2012,3.04
12/28/2012,3.025
12/31/2012,3.065
1/2/2013,3.18
1/3/2013,3.1825
1/4/2013,3.2875
1/7/2013,3.1925
1/8/2013,3.1225
1/9/2013,3.0525
1/10/2013,3.0575
1/11/2013,3.0525
1/14/2013,3.05
1/15/2013,2.995
1/16/2013,3.0225
1/17/2013,3.0625
1/18/2013,3.0425
1/22/2013,3.0275
1/23/2013,3.0325
1/24/2013,3.0475
1/25/2013,3.1025
1/28/2013,3.1525
1/29/2013,3.085
1/30/2013,3.08
1/31/2013,3.065
2/1/2013,3.0925
2/4/2013,3.04
2/5/2013,3.11
2/6/2013,3.085
2/7/2013,3.0725
2/8/2013,3.0925
2/11/2013,3.1275
2/12/2013,3.1075
2/13/2013,3.0925
2/14/2013,3.1825
2/15/2013,3.1825
2/19/2013,3.14
2/20/2013,3.095
2/21/2013,3.0725
2/22/2013,3.13
2/25/2013,3.075
2/26/2013,3.0925
2/27/2013,3.15
2/28/2013,3.165
3/1/2013,3.1775
3/4/2013,3.165
3/5/2013,3.2
3/6/2013,3.1975
3/7/2013,3.19
3/8/2013,3.205
3/11/2013,3.175
3/12/2013,3.185
3/13/2013,3.185
3/14/2013,3.1875
3/15/2013,3.16
3/18/2013,3.1375
3/19/2013,3.1175
3/20/2013,3.155
3/21/2013,3.105
3/22/2013,3.12
3/25/2013,3.1025
3/26/2013,3.125
3/27/2013,3.1625
3/28/2013,3.2075
4/1/2013,3.1025
4/2/2013,3.07
4/3/2013,3.0325
4/4/2013,3.0625
4/5/2013,3.115
4/8/2013,3.1075
4/9/2013,3.1575
4/10/2013,3.2075
4/11/2013,3.1925
4/12/2013,3.2725
4/15/2013,3.205
4/16/2013,3.24
4/17/2013,3.1975
4/18/2013,3.135
4/19/2013,3.1425
4/22/2013,3.1475
4/23/2013,3.23
4/24/2013,3.34
4/25/2013,3.3675
4/26/2013,3.3525
4/29/2013,3.3925
4/30/2013,3.4425
5/1/2013,3.4125
5/2/2013,3.4525
5/3/2013,3.4675
5/6/2013,3.4575
5/7/2013,3.4125
5/8/2013,3.475
5/9/2013,3.4775
5/10/2013,3.635
5/13/2013,3.56
5/14/2013,3.6125
5/15/2013,3.675
5/16/2013,3.6575
5/17/2013,3.7175
5/20/2013,3.71
5/21/2013,3.73
5/22/2013,3.6
5/23/2013,3.6575
5/24/2013,3.635
5/28/2013,3.6325
5/29/2013,3.61
5/30/2013,3.6575
5/31/2013,3.6175
6/3/2013,3.6125
6/4/2013,3.6175
6/5/2013,3.54
6/6/2013,3.5625
6/7/2013,3.6125
6/10/2013,3.61
6/11/2013,3.5425
6/12/2013,3.5125
6/13/2013,3.5925
6/14/2013,3.5875
6/17/2013,3.6225
6/18/2013,3.6
6/19/2013,3.71
6/20/2013,3.61
6/21/2013,3.605
6/24/2013,3.53
6/25/2013,3.555
6/26/2013,3.535
6/27/2013,3.5025
6/28/2013,3.51
7/1/2013,3.525
7/2/2013,3.5225
7/3/2013,3.5325
7/5/2013,3.56
7/8/2013,3.5425
7/9/2013,3.56
7/10/2013,3.6075
7/11/2013,3.6575
7/12/2013,3.66
7/15/2013,3.6525
7/16/2013,3.6725
7/17/2013,3.6525
7/18/2013,3.6375
7/19/2013,3.56
7/22/2013,3.5575
7/23/2013,3.5525
7/24/2013,3.5525
7/25/2013,3.565
7/26/2013,3.55
7/29/2013,3.5425
7/30/2013,3.6025
7/31/2013,3.61
8/1/2013,3.66
8/2/2013,3.69
8/5/2013,3.7075
8/6/2013,3.6525
8/7/2013,3.65
8/8/2013,3.675
8/9/2013,3.6225
8/12/2013,3.5925
8/13/2013,3.605
8/14/2013,3.7575
8/15/2013,3.7825
8/16/2013,3.7975
8/19/2013,3.7375
8/20/2013,3.7375
8/21/2013,3.72
8/22/2013,3.74
8/23/2013,3.74
8/26/2013,3.7475
8/27/2013,3.7
8/28/2013,3.7
8/29/2013,3.6925
8/30/2013,3.6875
9/3/2013,3.69
9/4/2013,3.725
9/5/2013,3.735
9/6/2013,3.72
9/9/2013,3.7825
9/10/2013,3.8625
9/11/2013,3.9275
9/12/2013,3.925
9/13/2013,3.95
9/16/2013,3.9525
9/17/2013,3.965
9/18/2013,4
9/19/2013,3.9825
9/20/2013,3.9475
9/23/2013,3.91
9/24/2013,3.925
9/25/2013,3.93
9/26/2013,3.9175
9/27/2013,3.895
9/30/2013,3.89
10/1/2013,3.8875
10/2/2013,3.885
10/3/2013,3.845
10/4/2013,3.8975
10/7/2013,3.8975
10/8/2013,3.865
10/9/2013,3.805
10/10/2013,3.8475
10/11/2013,3.815
10/14/2013,3.8725
10/15/2013,3.8525
10/16/2013,3.9
10/17/2013,3.9075
10/18/2013,3.9525
10/21/2013,3.9625
10/22/2013,3.9425
10/23/2013,3.875
10/24/2013,3.8475
10/25/2013,3.81
10/28/2013,3.8025
10/29/2013,3.8075
10/30/2013,3.805
10/31/2013,3.7975
11/1/2013,3.815
11/4/2013,3.705
11/5/2013,3.7
11/6/2013,3.725
11/7/2013,3.6375
11/8/2013,3.89
11/11/2013,3.9225
11/12/2013,3.93
11/13/2013,4.0375
11/14/2013,4.055
11/15/2013,4.0425
11/18/2013,3.945
11/19/2013,3.86
11/20/2013,3.8025
11/21/2013,3.8325
11/22/2013,3.795
11/25/2013,3.8775
11/26/2013,3.91
11/27/2013,3.925
11/29/2013,3.9
12/2/2013,3.9375
12/3/2013,3.935
12/4/2013,3.99
12/5/2013,3.925
12/6/2013,3.8675
12/9/2013,3.8025
12/10/2013,3.89
12/11/2013,3.8525
12/12/2013,3.7775
12/13/2013,3.755
12/16/2013,3.76
12/17/2013,3.7775
12/18/2013,3.83
12/19/2013,3.845
12/20/2013,3.9225
12/23/2013,3.945
12/24/2013,3.955
12/26/2013,3.9175
12/27/2013,3.94
12/30/2013,3.9925
12/31/2013,4.005
1/2/2014,3.965
1/3/2014,3.9175
1/6/2014,3.97
1/7/2014,4.035
1/8/2014,4.09
1/9/2014,3.9375
1/10/2014,3.9325
1/13/2014,3.84
1/14/2014,3.96
1/15/2014,4.0025
1/16/2014,4.015
1/17/2014,3.9975
1/21/2014,4.0125
1/22/2014,4.0075
1/23/2014,3.9925
1/24/2014,3.89
1/27/2014,3.865
1/28/2014,3.9025
1/29/2014,3.865
1/30/2014,3.93
1/31/2014,3.925
2/3/2014,3.8725
2/4/2014,3.895
2/5/2014,3.86
2/6/2014,3.91
2/7/2014,3.9675
2/10/2014,3.98
2/11/2014,4.0625
2/12/2014,4.2075
2/13/2014,4.34
2/14/2014,4.4775
2/18/2014,4.475
2/19/2014,4.535
2/20/2014,4.695
2/21/2014,4.66
2/24/2014,4.7275
2/25/2014,4.685
2/26/2014,4.6775
2/27/2014,4.625
2/28/2014,4.595
3/3/2014,4.5725
3/4/2014,4.62
3/5/2014,4.66
3/6/2014,4.595
3/7/2014,4.59
3/10/2014,4.5225
3/11/2014,4.5675
3/12/2014,4.58
3/13/2014,4.435
3/14/2014,4.455
3/17/2014,4.455
3/18/2014,4.56
3/19/2014,4.64
3/20/2014,4.6425
3/21/2014,4.635
3/24/2014,4.6125
3/25/2014,4.6125
3/26/2014,4.5075
3/27/2014,4.4475
3/28/2014,4.475
3/31/2014,4.4775
4/1/2014,4.6625
4/2/2014,4.6325
4/3/2014,4.6825
4/4/2014,4.5375
4/7/2014,4.5525
4/8/2014,4.715
4/9/2014,4.71
4/10/2014,4.595
4/11/2014,4.53
4/14/2014,4.58
4/15/2014,4.6125
4/16/2014,4.6225
4/17/2014,4.64
4/21/2014,4.6775
4/22/2014,4.7175
4/23/2014,4.7725
4/24/2014,4.815
4/25/2014,4.6825
4/28/2014,4.6625
4/29/2014,4.6725
4/30/2014,4.6175
5/1/2014,4.6425
5/2/2014,4.6075
5/5/2014,4.6575
5/6/2014,4.5625
5/7/2014,4.5675
5/8/2014,4.625
5/9/2014,4.5125
5/12/2014,4.645
5/13/2014,4.57
5/14/2014,4.525
5/15/2014,4.5
5/16/2014,4.49
5/19/2014,4.635
5/20/2014,4.56
5/21/2014,4.56
5/22/2014,4.58
5/23/2014,4.6225
5/27/2014,4.705
5/28/2014,4.745
5/29/2014,4.7375
5/30/2014,4.75
6/2/2014,4.735
6/3/2014,4.715
6/4/2014,4.72
6/5/2014,4.74
6/6/2014,4.7575
6/9/2014,4.7625
6/10/2014,4.7875
6/11/2014,4.85
6/12/2014,4.88
6/13/2014,4.885
6/16/2014,4.87
6/17/2014,4.9025
6/18/2014,4.8975
6/19/2014,4.785
6/20/2014,4.7325
6/23/2014,4.6775
6/24/2014,4.605
6/25/2014,4.6525
6/26/2014,4.59
6/27/2014,4.595
6/30/2014,4.635
7/1/2014,4.6875
7/2/2014,4.67
7/3/2014,4.7125
7/7/2014,4.675
7/8/2014,4.6375
7/9/2014,4.7775
7/10/2014,4.7525
7/11/2014,4.7625
7/14/2014,4.8225
7/15/2014,4.8425
7/16/2014,4.8375
7/17/2014,4.825
7/18/2014,4.61
7/21/2014,4.6375
7/22/2014,4.6175
7/23/2014,4.52
7/24/2014,4.5275
7/25/2014,4.4475
7/28/2014,4.43
7/29/2014,4.445
7/30/2014,4.52
7/31/2014,4.375
8/1/2014,4.4225
8/4/2014,4.4125
8/5/2014,4.415
8/6/2014,4.41
8/7/2014,4.365
8/8/2014,4.75
8/11/2014,4.725
8/12/2014,4.725
8/13/2014,4.7525
8/14/2014,4.7
8/15/2014,4.76
8/18/2014,4.825
8/19/2014,4.8425
8/20/2014,4.8125
8/21/2014,4.7675
8/22/2014,4.77
8/25/2014,4.7775
8/26/2014,4.8625
8/27/2014,4.8075
8/28/2014,4.8475
8/29/2014,4.8625
9/2/2014,4.875
9/3/2014,4.92
9/4/2014,5.0075
9/5/2014,4.9925
9/8/2014,4.9475
9/9/2014,4.885
9/10/2014,4.9025
9/11/2014,4.8525
9/12/2014,4.78
9/15/2014,4.715
9/16/2014,4.785
9/17/2014,4.7875
9/18/2014,4.86
9/19/2014,4.77
9/22/2014,4.7225
9/23/2014,4.7025
9/24/2014,4.73
9/25/2014,4.6275
9/26/2014,4.6375
9/29/2014,4.63
9/30/2014,4.6125
10/1/2014,4.5675
10/2/2014,4.5475
10/3/2014,4.5575
10/6/2014,4.53
10/7/2014,4.4825
10/8/2014,4.565
10/9/2014,4.4775
10/10/2014,4.2125
10/13/2014,4.1975
10/14/2014,4.295
10/15/2014,4.36
10/16/2014,4.3625
10/17/2014,4.355
10/20/2014,4.3925
10/21/2014,4.58
10/22/2014,4.4725
10/23/2014,4.5725
10/24/2014,4.62
10/27/2014,4.6225
10/28/2014,4.7325
10/29/2014,4.7025
10/30/2014,4.6725
10/31/2014,4.885
11/3/2014,4.9675
11/4/2014,5.0325
11/5/2014,5.0325
11/6/2014,5.055
11/7/2014,4.9475
11/10/2014,5.005
11/11/2014,4.945
11/12/2014,4.9125
11/13/2014,4.8875
11/14/2014,4.9475
11/17/2014,4.925
11/18/2014,5.0425
11/19/2014,5.0025
11/20/2014,5.085
11/21/2014,5.1125
11/24/2014,5.145
11/25/2014,5.1425
11/26/2014,5.23
11/28/2014,5.2425
12/1/2014,5.145
12/2/2014,5.1525
12/3/2014,5.285
12/4/2014,5.2375
12/5/2014,5.2675
12/8/2014,5.2
12/9/2014,5.1825
12/10/2014,5.0675
12/11/2014,5.065
12/12/2014,4.9075
12/15/2014,4.8925
12/16/2014,4.8375
12/17/2014,5.035
12/18/2014,5.055
12/19/2014,5.105
12/22/2014,5.195
12/23/2014,5.1625
12/24/2014,5.1425
12/26/2014,5.1475
12/29/2014,5.14
12/30/2014,5.0925
12/31/2014,5.0125
1/2/2015,5.0325
1/5/2015,4.9475
1/6/2015,4.7975
1/7/2015,4.785
1/8/2015,4.965
1/9/2015,4.985
1/12/2015,4.9225
1/13/2015,4.915
1/14/2015,4.935
1/15/2015,4.9
1/16/2015,4.99
1/20/2015,5.005
1/21/2015,5.075
1/22/2015,5.1625
1/23/2015,5.1775
1/26/2015,5.155
1/27/2015,4.9075
1/28/2015,4.8275
1/29/2015,4.945
1/30/2015,4.8
2/2/2015,4.905
2/3/2015,5.0275
2/4/2015,5.04
2/5/2015,5.1225
2/6/2015,5.1
2/9/2015,5.095
2/10/2015,5.2375
2/11/2015,5.2025
2/12/2015,5.575
2/13/2015,5.5775
2/17/2015,5.595
2/18/2015,5.53
2/19/2015,5.545
2/20/2015,5.585
2/23/2015,5.54
2/24/2015,5.5775
2/25/2015,5.535
2/26/2015,5.55
2/27/2015,5.515
3/2/2015,5.65
3/3/2015,5.545
3/4/2015,5.6075
3/5/2015,5.715
3/6/2015,5.6375
3/9/2015,5.6525
3/10/2015,5.75
3/11/2015,5.72
3/12/2015,5.6675
3/13/2015,5.675
3/16/2015,5.7425
3/17/2015,5.8125
3/18/2015,5.7175
3/19/2015,5.805
3/20/2015,5.8675
3/23/2015,5.6775
3/24/2015,5.6
3/25/2015,5.26
3/26/2015,5.2425
3/27/2015,5.345
3/30/2015,5.3675
3/31/2015,5.2325
4/1/2015,5.2525
4/2/2015,5.265
4/6/2015,5.4175
4/7/2015,5.465
4/8/2015,5.505
4/9/2015,5.6325
4/10/2015,5.69
4/13/2015,5.6375
4/14/2015,5.59
4/15/2015,5.6575
4/16/2015,5.6225
4/17/2015,5.55
4/20/2015,5.5225
4/21/2015,5.515
4/22/2015,5.5775
4/23/2015,5.555
4/24/2015,5.5075
4/27/2015,5.55
4/28/2015,5.5775
4/29/2015,5.535
4/30/2015,5.55
5/1/2015,5.6875
5/4/2015,5.6525
5/5/2015,5.5075
5/6/2015,5.525
5/7/2015,5.6225
5/8/2015,5.2075
5/11/2015,5.1575
5/12/2015,5.2075
5/13/2015,5.2375
5/14/2015,5.3225
5/15/2015,5.325
5/18/2015,5.3175
5/19/2015,5.26
5/20/2015,5.26
5/21/2015,5.2225
5/22/2015,5.215
5/26/2015,5.1825
5/27/2015,5.46
5/28/2015,5.535
5/29/2015,5.5325
6/1/2015,5.595
6/2/2015,5.485
6/3/2015,5.425
6/4/2015,5.5225
6/5/2015,5.565
6/8/2015,5.4375
6/9/2015,5.465
6/10/2015,5.3675
6/11/2015,5.425
6/12/2015,5.2775
6/15/2015,5.2675
6/16/2015,5.3325
6/17/2015,5.395
6/18/2015,5.485
6/19/2015,5.4675
6/22/2015,5.445
6/23/2015,5.305
6/24/2015,5.2525
6/25/2015,5.2925
6/26/2015,5.185
6/29/2015,5.03
6/30/2015,5.0275
7/1/2015,5.1
7/2/2015,5.105
7/6/2015,5.0425
7/7/2015,4.9475
7/8/2015,4.9125
7/9/2015,4.8525
7/10/2015,4.9375
7/13/2015,4.97
7/14/2015,4.9725
7/15/2015,4.9375
7/16/2015,5.0475
7/17/2015,5.0175
7/20/2015,4.925
7/21/2015,4.9475
7/22/2015,4.8525
7/23/2015,4.9125
7/24/2015,4.855
7/27/2015,4.8275
7/28/2015,4.9325
7/29/2015,4.9925
7/30/2015,5.005
7/31/2015,4.9875
8/3/2015,5.0725
8/4/2015,5.0925
8/5/2015,5.145
8/6/2015,5.1125
8/7/2015,5.745
8/10/2015,5.945
8/11/2015,5.915
8/12/2015,5.93
8/13/2015,5.88
8/14/2015,5.885
8/17/2015,5.8475
8/18/2015,5.77
8/19/2015,5.7475
8/20/2015,5.54
8/21/2015,5.3675
8/24/2015,5.1775
8/25/2015,5.07
8/26/2015,5.4525
8/27/2015,5.6575
8/28/2015,5.6825
8/31/2015,5.62
9/1/2015,5.39
9/2/2015,5.5525
9/3/2015,5.5675
9/4/2015,5.4375
9/8/2015,5.67
9/9/2015,5.5575
9/10/2015,5.645
9/11/2015,5.6625
9/14/2015,5.6725
9/15/2015,5.735
9/16/2015,5.775
9/17/2015,5.8275
9/18/2015,5.8225
9/21/2015,5.8825
9/22/2015,5.7225
9/23/2015,5.75
9/24/2015,5.86
9/25/2015,5.9025
9/28/2015,5.825
9/29/2015,5.9275
9/30/2015,6.1625
10/1/2015,6.0425
10/2/2015,6.2
10/5/2015,6.355
10/6/2015,6.4375
10/7/2015,6.505
10/8/2015,6.5425
10/9/2015,6.5175
10/12/2015,6.5875
10/13/2015,6.6
10/14/2015,6.84
10/15/2015,6.8575
10/16/2015,6.965
10/19/2015,6.9525
10/20/2015,6.9425
10/21/2015,6.8525
10/22/2015,7.1
10/23/2015,7.1475
10/26/2015,7.115
10/27/2015,7.11
10/28/2015,7.1675
10/29/2015,6.92
10/30/2015,7.0925
11/2/2015,7.175
11/3/2015,7.125
11/4/2015,7.0075
11/5/2015,6.9275
11/6/2015,7.8875
11/9/2015,7.8525
11/10/2015,7.7025
11/11/2015,7.6275
11/12/2015,7.6
11/13/2015,7.45
11/16/2015,7.6
11/17/2015,7.6
11/18/2015,7.7575
11/19/2015,7.78
11/20/2015,7.8475
11/23/2015,7.73
11/24/2015,7.7925
11/25/2015,7.7825
11/27/2015,7.8475
11/30/2015,7.93
12/1/2015,8.1875
12/2/2015,8.125
12/3/2015,8.1075
12/4/2015,8.4375
12/7/2015,8.2775
12/8/2015,8.39
12/9/2015,8.1775
12/10/2015,8.245
12/11/2015,8.1225
12/14/2015,8.1425
12/15/2015,8.2425
12/16/2015,8.2925
12/17/2015,8.1675
12/18/2015,8.035
12/21/2015,8.225
12/22/2015,8.2325
12/23/2015,8.265
12/24/2015,8.2925
12/28/2015,8.285
12/29/2015,8.42
12/30/2015,8.3475
12/31/2015,8.24
1/4/2016,8.0925
1/5/2016,8.2225
1/6/2016,7.8825
1/7/2016,7.57
1/8/2016,7.4075
1/11/2016,7.42
1/12/2016,7.545
1/13/2016,7.315
1/14/2016,7.1675
1/15/2016,6.7775
1/19/2016,6.8325
1/20/2016,6.87
1/21/2016,6.95
1/22/2016,7.1125
1/25/2016,7.105
1/26/2016,7.175
1/27/2016,7.09
1/28/2016,7.0125
1/29/2016,7.3225
2/1/2016,7.325
2/2/2016,7.015
2/3/2016,7.05
2/4/2016,7.0525
2/5/2016,6.6075
2/8/2016,6.305
2/9/2016,6.3725
2/10/2016,6.3575
2/11/2016,6.325
2/12/2016,6.4325
2/16/2016,6.7475
2/17/2016,6.915
2/18/2016,7.51
2/19/2016,7.61
2/22/2016,7.88
2/23/2016,7.9
2/24/2016,7.955
2/25/2016,7.9725
2/26/2016,7.92
2/29/2016,7.84
3/1/2016,8.1875
3/2/2016,8.235
3/3/2016,8.1625
3/4/2016,8.1375
3/7/2016,8.085
3/8/2016,7.9375
3/9/2016,7.9325
3/10/2016,7.92
3/11/2016,8.055
3/14/2016,8.075
3/15/2016,8.035
3/16/2016,8.275
3/17/2016,8.205
3/18/2016,8.4525
3/21/2016,8.4775
3/22/2016,8.4625
3/23/2016,8.6075
3/24/2016,8.62
3/28/2016,8.7075
3/29/2016,8.8475
3/30/2016,8.94
3/31/2016,8.9075
4/1/2016,9.0375
4/4/2016,8.95
4/5/2016,8.9375
4/6/2016,8.95
4/7/2016,8.8575
4/8/2016,8.915
4/11/2016,8.97
4/12/2016,8.96
4/13/2016,9.185
4/14/2016,9.21
4/15/2016,9.2825
4/18/2016,9.2425
4/19/2016,9.0775
4/20/2016,9.1125
4/21/2016,9.1025
4/22/2016,9.0675
4/25/2016,9.1125
4/26/2016,9.12
4/27/2016,9.3275
4/28/2016,9.05
4/29/2016,8.8825
5/2/2016,9
5/3/2016,8.8925
5/4/2016,8.69
5/5/2016,8.7425
5/6/2016,8.8325
5/9/2016,8.82
5/10/2016,8.99
5/11/2016,9.015
5/12/2016,8.8925
5/13/2016,10.245
5/16/2016,10.5475
5/17/2016,10.57
5/18/2016,10.84
5/19/2016,10.8875
5/20/2016,11.0825
5/23/2016,11.1
5/24/2016,11.34
5/25/2016,11.2925
5/26/2016,11.4125
5/27/2016,11.475
5/31/2016,11.68
6/1/2016,11.7025
6/2/2016,11.785
6/3/2016,11.62
6/6/2016,11.56
6/7/2016,11.5825
6/8/2016,11.545
6/9/2016,11.845
6/10/2016,11.55
6/13/2016,11.6975
6/14/2016,11.72
6/15/2016,11.84
6/16/2016,11.8875
6/17/2016,11.68
6/20/2016,11.89
6/21/2016,11.8175
6/22/2016,11.8075
6/23/2016,12.1225
6/24/2016,11.4325
6/27/2016,11.31
6/28/2016,11.475
6/29/2016,11.6625
6/30/2016,11.7525
7/1/2016,11.665
7/5/2016,11.8375
7/6/2016,11.9125
7/7/2016,12.2225
7/8/2016,12.7125
7/11/2016,13.005
7/12/2016,13.2
7/13/2016,13.195
7/14/2016,13.33
7/15/2016,13.175
7/18/2016,13.2425
7/19/2016,13.38
7/20/2016,13.555
7/21/2016,13.305
7/22/2016,13.6675
7/25/2016,13.92
7/26/2016,14.1575
7/27/2016,14.015
7/28/2016,14.045
7/29/2016,14.275
8/1/2016,14.1825
8/2/2016,14.01
8/3/2016,14.0475
8/4/2016,14.3075
8/5/2016,14.55
8/8/2016,14.685
8/9/2016,14.7225
8/10/2016,14.6275
8/11/2016,14.925
8/12/2016,15.76
8/15/2016,15.745
8/16/2016,15.65
8/17/2016,15.2875
8/18/2016,15.525
8/19/2016,15.565
8/22/2016,15.63
8/23/2016,15.7275
8/24/2016,15.485
8/25/2016,15.3825
8/26/2016,15.5075
8/29/2016,15.4975
8/30/2016,15.4075
8/31/2016,15.335
9/1/2016,15.7875
9/2/2016,15.6325
9/6/2016,15.78
9/7/2016,15.5475
9/8/2016,15.66
9/9/2016,14.88
9/12/2016,15.1875
9/13/2016,14.9675
9/14/2016,15.1
9/15/2016,15.6725
9/16/2016,15.71
9/19/2016,15.9175
9/20/2016,15.7725
9/21/2016,16.215
9/22/2016,16.254999
9/23/2016,16.237499
9/26/2016,16.084999
9/27/2016,16.635
9/28/2016,16.695
9/29/2016,16.85
9/30/2016,17.129999
10/3/2016,17.112499
10/4/2016,17.075001
10/5/2016,17.057501
10/6/2016,16.834999
10/7/2016,16.7125
10/10/2016,16.775
10/11/2016,16.532499
10/12/2016,16.6075
10/13/2016,16.3375
10/14/2016,16.497499
10/17/2016,16.4025
10/18/2016,16.6525
10/19/2016,16.6175
10/20/2016,16.932501
10/21/2016,16.885
10/24/2016,17.6775
10/25/2016,17.967501
10/26/2016,18.040001
10/27/2016,17.67
10/28/2016,17.639999
10/31/2016,17.790001
11/1/2016,17.262501
11/2/2016,17.190001
11/3/2016,16.99
11/4/2016,16.8925
11/7/2016,17.817499
11/8/2016,17.790001
11/9/2016,17.49
11/10/2016,16.942499
11/11/2016,21.9925
11/14/2016,20.91
11/15/2016,21.547501
11/16/2016,22.907499
11/17/2016,23.0975
11/18/2016,23.34
11/21/2016,23.245001
11/22/2016,23.4125
11/23/2016,23.4925
11/25/2016,23.540001
11/28/2016,23.5275
11/29/2016,23.3125
11/30/2016,23.049999
12/1/2016,21.91
12/2/2016,22.112499
12/5/2016,22.969999
12/6/2016,23.3475
12/7/2016,23.7675
12/8/2016,23.370001
12/9/2016,22.955
12/12/2016,22.397499
12/13/2016,22.7925
12/14/2016,24.112499
12/15/2016,24.6775
12/16/2016,25.102501
12/19/2016,25.407499
12/20/2016,26.2925
12/21/2016,26.4575
12/22/2016,26.7775
12/23/2016,27.445
12/27/2016,29.33
12/28/2016,27.3125
12/29/2016,27.8575
12/30/2016,26.684999
1/3/2017,25.502501
1/4/2017,26.0975
1/5/2017,25.434999
1/6/2017,25.775
1/9/2017,26.82
1/10/2017,26.6175
1/11/2017,26.290001
1/12/2017,25.860001
1/13/2017,25.8575
1/17/2017,25.2775
1/18/2017,25.737499
1/19/2017,26.290001
1/20/2017,26.002501
1/23/2017,26.272499
1/24/2017,26.8325
1/25/2017,26.9475
1/26/2017,27.4125
1/27/2017,27.942499
1/30/2017,27.504999
1/31/2017,27.295
2/1/2017,28.487499
2/2/2017,28.8475
2/3/2017,28.594999
2/6/2017,29.327499
2/7/2017,29.782499
2/8/2017,29.6525
2/9/2017,29.094999
2/10/2017,28.405001
2/13/2017,27.094999
2/14/2017,27.195
2/15/2017,27.25
2/16/2017,26.8125
2/17/2017,26.807501
2/21/2017,27.7675
2/22/2017,27.690001
2/23/2017,25.122499
2/24/2017,25.365
2/27/2017,26.102501
2/28/2017,25.370001
3/1/2017,25.6975
3/2/2017,24.75
3/3/2017,24.6075
3/6/2017,24.4175
3/7/2017,24.684999
3/8/2017,24.639999
3/9/2017,24.635
3/10/2017,24.780001
3/13/2017,25.4625
3/14/2017,25.445
3/15/2017,25.637501
3/16/2017,25.952499
3/17/2017,26.5175
3/20/2017,27.362499
3/21/2017,26.477501
3/22/2017,27.0175
3/23/2017,26.772499
3/24/2017,26.8675
3/27/2017,27.0625
3/28/2017,26.922501
3/29/2017,26.834999
3/30/2017,27.35
3/31/2017,27.2325
4/3/2017,27.094999
4/4/2017,25.195
4/5/2017,25.0075
4/6/2017,25.190001
4/7/2017,25.0825
4/10/2017,24.442499
4/11/2017,24.530001
4/12/2017,24.327499
4/13/2017,23.872499
4/17/2017,24.807501
4/18/2017,24.8225
4/19/2017,24.92
4/20/2017,25.315001
4/21/2017,25.42
4/24/2017,25.737499
4/25/2017,26.184999
4/26/2017,26.004999
4/27/2017,26.41
4/28/2017,26.075001
5/1/2017,26.66
5/2/2017,25.870001
5/3/2017,26.0625
5/4/2017,25.9625
5/5/2017,25.965
5/8/2017,25.692499
5/9/2017,25.735001
5/10/2017,30.3225
5/11/2017,31.625
5/12/2017,31.9725
5/15/2017,33.577499
5/16/2017,34.202499
5/17/2017,31.93
5/18/2017,33.267502
5/19/2017,34
5/22/2017,34.724998
5/23/2017,34.2575
5/24/2017,34.642502
5/25/2017,34.564999
5/26/2017,35.459999
5/30/2017,36.217499
5/31/2017,36.087502
6/1/2017,36.09
6/2/2017,35.91
6/5/2017,37.002499
6/6/2017,36.834999
6/7/2017,37.279999
6/8/2017,39.985001
6/9/2017,37.400002
6/12/2017,37.4925
6/13/2017,37.849998
6/14/2017,37.93
6/15/2017,38.092499
6/16/2017,37.904999
6/19/2017,39.330002
6/20/2017,39.272499
6/21/2017,39.8675
6/22/2017,39.592499
6/23/2017,38.4575
6/26/2017,38.037498
6/27/2017,36.645
6/28/2017,37.9375
6/29/2017,36.669998
6/30/2017,36.139999
7/3/2017,34.8325
7/5/2017,35.762501
7/6/2017,35.869999
7/7/2017,36.689999
7/10/2017,38.424999
7/11/2017,38.970001
7/12/2017,40.627499
7/13/2017,40.157501
7/14/2017,41.237499
7/17/2017,41.0625
7/18/2017,41.490002
7/19/2017,41.275002
7/20/2017,41.875
7/21/2017,42.025002
7/24/2017,41.537498
7/25/2017,41.337502
7/26/2017,41.814999
7/27/2017,40.435001
7/28/2017,41.0975
7/31/2017,40.627499
8/1/2017,41.122501
8/2/2017,41.0975
8/3/2017,41.619999
8/4/2017,41.802502
8/7/2017,43.087502
8/8/2017,42.575001
8/9/2017,43.0275
8/10/2017,41.185001
8/11/2017,38.990002
8/14/2017,42.099998
8/15/2017,41.744999
8/16/2017,41.287498
8/17/2017,40.3675
8/18/2017,40.375
8/21/2017,39.787498
8/22/2017,40.637501
8/23/2017,41.450001
8/24/2017,41.297501
8/25/2017,40.952499
8/28/2017,41.2425
8/29/2017,41.174999
8/30/2017,41.419998
8/31/2017,42.360001
9/1/2017,42.615002
9/5/2017,41.477501
9/6/2017,41.452499
9/7/2017,41.645
9/8/2017,40.922501
9/11/2017,42.25
9/12/2017,42.4025
9/13/2017,42.592499
9/14/2017,42.349998
9/15/2017,45.0275
9/18/2017,46.887501
9/19/2017,46.837502
9/20/2017,46.459999
9/21/2017,45.189999
9/22/2017,44.75
9/25/2017,42.75
9/26/2017,42.990002
9/27/2017,43.932499
9/28/2017,43.919998
9/29/2017,44.692501
10/2/2017,44.75
10/3/2017,44.842499
10/4/2017,45.217499
10/5/2017,45.192501
10/6/2017,45.325001
10/9/2017,46.3475
10/10/2017,47.232498
10/11/2017,47.735001
10/12/2017,47.7575
10/13/2017,48.647499
10/16/2017,49.482498
10/17/2017,49.4375
10/18/2017,49.395
10/19/2017,49.450001
10/20/2017,49.224998
10/23/2017,49.154999
10/24/2017,49.669998
10/25/2017,48.415001
10/26/2017,48.922501
10/27/2017,50.465
10/30/2017,50.959999
10/31/2017,51.702499
11/1/2017,51.799999
11/2/2017,51.485001
11/3/2017,52.172501
11/6/2017,52.407501
11/7/2017,53.0075
11/8/2017,52.290001
11/9/2017,51.330002
11/10/2017,54.035
11/13/2017,53.157501
11/14/2017,53.544998
11/15/2017,52.494999
11/16/2017,52.9025
11/17/2017,52.84
11/20/2017,53.52
11/21/2017,54.012501
11/22/2017,53.732498
11/24/2017,54.240002
11/27/2017,53.535
11/28/2017,52.677502
11/29/2017,49.105
11/30/2017,50.177502
12/1/2017,49.419998
12/4/2017,46.665001
12/5/2017,46.935001
12/6/2017,47.314999
12/7/2017,47.997501
12/8/2017,47.872501
12/11/2017,48.665001
12/12/2017,47.709999
12/13/2017,46.544998
12/14/2017,46.6175
12/15/2017,47.889999
12/18/2017,49.474998
12/19/2017,49.0275
12/20/2017,49.200001
12/21/2017,48.9725
12/22/2017,48.817501
12/26/2017,49.360001
12/27/2017,49.2925
12/28/2017,49.349998
12/29/2017,48.375
1/2/2018,49.837502
1/3/2018,53.1175
1/4/2018,53.397499
1/5/2018,53.849998
1/8/2018,55.5
1/9/2018,55.485001
1/10/2018,55.919998
1/11/2018,56.02
1/12/2018,55.744999
1/16/2018,55.0275
1/17/2018,56.18
1/18/2018,56.110001
1/19/2018,57.5275
1/22/2018,58.422501
1/23/2018,59.727501
1/24/2018,58.950001
1/25/2018,59.087502
1/26/2018,60.8325
1/29/2018,61.712502
1/30/2018,60.68
1/31/2018,61.450001
2/1/2018,60.125
2/2/2018,58.380001
2/5/2018,53.424999
2/6/2018,56.395
2/7/2018,57.200001
2/8/2018,54.380001
2/9/2018,58.02
2/12/2018,57.0075
2/13/2018,58.157501
2/14/2018,60.355
2/15/2018,61.625
2/16/2018,60.959999
2/20/2018,62.27
2/21/2018,60.377499
2/22/2018,60.537498
2/23/2018,61.482498
2/26/2018,61.645
2/27/2018,61.514999
2/28/2018,60.5
3/1/2018,58.052502
3/2/2018,59.134998
3/5/2018,58.912498
3/6/2018,60.540001
3/7/2018,60.459999
3/8/2018,60.294998
3/9/2018,61.3325
3/12/2018,62.439999
3/13/2018,61.927502
3/14/2018,62.185001
3/15/2018,62.334999
3/16/2018,62.619999
3/19/2018,60.25
3/20/2018,62.395
3/21/2018,62.139999
3/22/2018,60.462502
3/23/2018,58.2425
3/26/2018,61.119999
3/27/2018,56.380001
3/28/2018,55.337502
3/29/2018,57.897499
4/2/2018,55.262501
4/3/2018,56.337502
4/4/2018,56.560001
4/5/2018,55.345001
4/6/2018,53.5625
4/9/2018,53.852501
4/10/2018,56.977501
4/11/2018,56.560001
4/12/2018,58.650002
4/13/2018,57.875
4/16/2018,57.872501
4/17/2018,59.384998
4/18/2018,59.092499
4/19/2018,57.259998
4/20/2018,57.177502
4/23/2018,55.970001
4/24/2018,55.299999
4/25/2018,54.165001
4/26/2018,56.305
4/27/2018,56.5825
4/30/2018,56.224998
5/1/2018,56.785
5/2/2018,56.577499
5/3/2018,58.247501
5/4/2018,59.764999
5/7/2018,62.169998
5/8/2018,62.599998
5/9/2018,63.945
5/10/2018,65.032501
5/11/2018,63.6325
5/14/2018,63.84
5/15/2018,61.389999
5/16/2018,61.502499
5/17/2018,61.927502
5/18/2018,61.485001
5/21/2018,61.060001
5/22/2018,60.674999
5/23/2018,61.884998
5/24/2018,61.922501
5/25/2018,62.32
5/29/2018,62.147499
5/30/2018,63.247501
5/31/2018,63.047501
6/1/2018,64.404999
6/4/2018,66.212502
6/5/2018,66.267502
6/6/2018,66.287498
6/7/2018,65.724998
6/8/2018,65.57
6/11/2018,65.154999
6/12/2018,65.644997
6/13/2018,65.599998
6/14/2018,66.727501
6/15/2018,66.315002
6/18/2018,66.272499
6/19/2018,65.042503
6/20/2018,65.577499
6/21/2018,64.277496
6/22/2018,62.737499
6/25/2018,59.779999
6/26/2018,60.497501
6/27/2018,58.93
6/28/2018,60.215
6/29/2018,59.224998
7/2/2018,60.560001
7/3/2018,59.209999
7/5/2018,60.682499
7/6/2018,61.8325
7/9/2018,62.3125
7/10/2018,63.3125
7/11/2018,61.8825
7/12/2018,62.807499
7/13/2018,62.330002
7/16/2018,62.049999
7/17/2018,63.422501
7/18/2018,62.924999
7/19/2018,63.0075
7/20/2018,62.7225
7/23/2018,62.352501
7/24/2018,62.177502
7/25/2018,62.967499
7/26/2018,63.709999
7/27/2018,63.005001
7/30/2018,61.032501
7/31/2018,61.215
8/1/2018,61.6175
8/2/2018,62.654999
8/3/2018,63.025002
8/6/2018,63.5075
8/7/2018,64.237503
8/8/2018,64.605003
8/9/2018,64.114998
8/10/2018,63.697498
8/13/2018,64.029999
8/14/2018,65.357498
8/15/2018,64.769997
8/16/2018,64.360001
8/17/2018,61.205002
8/20/2018,61.959999
8/21/2018,63.330002
8/22/2018,65.705002
8/23/2018,66.709999
8/24/2018,68.055
8/27/2018,68.974998
8/28/2018,68.595001
8/29/2018,69.622498
8/30/2018,69.452499
8/31/2018,70.169998
9/4/2018,70.925003
9/5/2018,69.605003
9/6/2018,68.18
9/7/2018,67.964996
9/10/2018,68.682503
9/11/2018,68.199997
9/12/2018,67.050003
9/13/2018,67.834999
9/14/2018,69.107498
9/17/2018,68.482498
9/18/2018,67.754997
9/19/2018,67.995003
9/20/2018,66.57
9/21/2018,65.862503
9/24/2018,66.425003
9/25/2018,67.102501
9/26/2018,66.730003
9/27/2018,66.849998
9/28/2018,70.254997
10/1/2018,72.339996
10/2/2018,71.620003
10/3/2018,71.682503
10/4/2018,69.822502
10/5/2018,67.464996
10/8/2018,66.442497
10/9/2018,66.385002
10/10/2018,61.422501
10/11/2018,58.782501
10/12/2018,61.634998
10/15/2018,58.845001
10/16/2018,61.4575
10/17/2018,60.764999
10/18/2018,59.8825
10/19/2018,57.2925
10/22/2018,57.805
10/23/2018,55.264999
10/24/2018,49.852501
10/25/2018,51.959999
10/26/2018,49.572498
10/29/2018,46.404999
10/30/2018,50.75
10/31/2018,52.7075
11/1/2018,54.5275
11/2/2018,53.73
11/5/2018,52.942501
11/6/2018,52.764999
11/7/2018,53.447498
11/8/2018,51.497501
11/9/2018,51.4175
11/12/2018,47.384998
11/13/2018,49.827499
11/14/2018,49.297501
11/15/2018,50.5975
11/16/2018,41.107498
11/19/2018,36.174999
11/20/2018,37.27
11/21/2018,36.177502
11/23/2018,36.25
11/26/2018,38.262501
11/27/2018,38.432499
11/28/2018,40.017502
11/29/2018,39.34
11/30/2018,40.857498
12/3/2018,42.509998
12/4/2018,39.2775
12/6/2018,39.572498
12/7/2018,36.9025
12/10/2018,37.965
12/11/2018,37.047501
12/12/2018,37.224998
12/13/2018,37.2225
12/14/2018,36.612499
12/17/2018,35.895
12/18/2018,36.735001
12/19/2018,34.627499
12/20/2018,33.775002
12/21/2018,32.392502
12/24/2018,31.77
12/26/2018,33.275002
12/27/2018,32.7925
12/28/2018,33.412498
12/31/2018,33.375
1/2/2019,34.055
1/3/2019,31.997499
1/4/2019,34.047501
1/7/2019,35.849998
1/8/2019,34.9575
1/9/2019,35.645
1/10/2019,36.307499
1/11/2019,37.2075
1/14/2019,37.610001
1/15/2019,37.467499
1/16/2019,37.209999
1/17/2019,37.93
1/18/2019,39.232498
1/22/2019,37.192501
1/23/2019,37.322498
1/24/2019,39.459999
1/25/2019,40.037498
1/28/2019,34.502499
1/29/2019,32.900002
1/30/2019,34.3475
1/31/2019,35.9375
2/1/2019,36.182499
2/4/2019,37.294998
2/5/2019,37.487499
2/6/2019,38.25
2/7/2019,36.855
2/8/2019,37.0425
2/11/2019,36.612499
2/12/2019,37.7925
2/13/2019,38.220001
2/14/2019,38.6325
2/15/2019,39.334999
2/19/2019,39.16
2/20/2019,39.637501
2/21/2019,38.942501
2/22/2019,39.797501
2/25/2019,39.672501
2/26/2019,39.275002
2/27/2019,38.852501
2/28/2019,38.564999
3/1/2019,39.112499
3/4/2019,39.195
3/5/2019,39.130001
3/6/2019,38.012501
3/7/2019,37.314999
3/8/2019,37.66
3/11/2019,40.285
3/12/2019,40.630001
3/13/2019,42.154999
3/14/2019,41.389999
3/15/2019,42.452499
3/18/2019,42.237499
3/19/2019,43.927502
3/20/2019,43.599998
3/21/2019,45.985001
3/22/2019,44.375
3/25/2019,43.445
3/26/2019,44.217499
3/27/2019,44.125
3/28/2019,44.3125
3/29/2019,44.889999
4/1/2019,45.57
4/2/2019,45.75
4/3/2019,47.154999
4/4/2019,47.064999
4/5/2019,47.737499
4/8/2019,47.947498
4/9/2019,47.314999
4/10/2019,48.025002
4/11/2019,47.884998
4/12/2019,47.502499
4/15/2019,46.174999
4/16/2019,47.052502
4/17/2019,46.822498
4/18/2019,46.575001
4/22/2019,47.1175
4/23/2019,47.6675
4/24/2019,47.7925
4/25/2019,46.727501
4/26/2019,44.522499
4/29/2019,44.8325
4/30/2019,45.25
5/1/2019,45.1175
5/2/2019,45.797501
5/3/2019,45.752499
5/6/2019,44.962502
5/7/2019,43.2775
5/8/2019,43.48
5/9/2019,42.547501
5/10/2019,42.205002
5/13/2019,39.612499
5/14/2019,40.509998
5/15/2019,39.895
5/16/2019,40.047501
5/17/2019,39.1325
5/20/2019,37.9375
5/21/2019,38.764999
5/22/2019,38.049999
5/23/2019,36.830002
5/24/2019,36.287498
5/28/2019,35.8325
5/29/2019,35.084999
5/30/2019,34.7775
5/31/2019,33.865002
6/3/2019,33.445
6/4/2019,35.75
6/5/2019,35.32
6/6/2019,35.945
6/7/2019,36.375
6/10/2019,37.107498
6/11/2019,37.6875
6/12/2019,36.549999
6/13/2019,37.064999
6/14/2019,36.16
6/17/2019,36.2575
6/18/2019,38.220001
6/19/2019,38.279999
6/20/2019,38.525002
6/21/2019,37.939999
6/24/2019,38.165001
6/25/2019,37.869999
6/26/2019,39.814999
6/27/2019,40.807499
6/28/2019,41.057499
7/1/2019,41.5425
7/2/2019,40.557499
7/3/2019,40.6875
7/5/2019,40.057499
7/8/2019,39.302502
7/9/2019,39.327499
7/10/2019,40.014999
7/11/2019,41.57
7/12/2019,41.9025
7/15/2019,41.817501
7/16/2019,41.77
7/17/2019,42.427502
7/18/2019,42.544998
7/19/2019,42.110001
7/22/2019,42.830002
7/23/2019,43.915001
7/24/2019,44.665001
7/25/2019,43.345001
7/26/2019,43.767502
7/29/2019,43.705002
7/30/2019,43.862499
7/31/2019,42.18
8/1/2019,41.23
8/2/2019,40.297501
8/5/2019,37.697498
8/6/2019,38.087502
8/7/2019,38.4725
8/8/2019,39.564999
8/9/2019,38.544998
8/12/2019,37.862499
8/13/2019,39.012501
8/14/2019,37.517502
8/15/2019,37.192501
8/16/2019,39.889999
8/19/2019,42.695
8/20/2019,41.967499
8/21/2019,42.807499
8/22/2019,42.869999
8/23/2019,40.610001
8/26/2019,41.362499
8/27/2019,40.450001
8/28/2019,40.305
8/29/2019,41.75
8/30/2019,41.877499
9/3/2019,41.0425
9/4/2019,42.189999
9/5/2019,44.935001
9/6/2019,44.662498
9/9/2019,45.125
9/10/2019,45.794998
9/11/2019,46.0825
9/12/2019,46.067501
9/13/2019,45.485001
9/16/2019,45.052502
9/17/2019,45.267502
9/18/2019,44.994999
9/19/2019,44.235001
9/20/2019,43.172501
9/23/2019,43.709999
9/24/2019,43.1325
9/25/2019,44.557499
9/26/2019,44.334999
9/27/2019,42.939999
9/30/2019,43.517502
10/1/2019,43.5
10/2/2019,43.259998
10/3/2019,45.327499
10/4/2019,45.4925
10/7/2019,46.0825
10/8/2019,44.307499
10/9/2019,45.177502
10/10/2019,45.7575
10/11/2019,46.497501
10/14/2019,46.6325
10/15/2019,49.092499
10/16/2019,48.552502
10/17/2019,48.572498
10/18/2019,47.622501
10/21/2019,49.002499
10/22/2019,48.9025
10/23/2019,48.772499
10/24/2019,49.215
10/25/2019,51.134998
10/28/2019,51.697498
10/29/2019,50.73
10/30/2019,50.75
10/31/2019,50.255001
11/1/2019,50.647499
11/4/2019,52.625
11/5/2019,52.4025
11/6/2019,51.907501
11/7/2019,52.084999
11/8/2019,51.945
11/11/2019,52.044998
11/12/2019,52.4025
11/13/2019,52.142502
11/14/2019,52.447498
11/15/2019,51.047501
11/18/2019,53.07
11/19/2019,51.997501
11/20/2019,52.794998
11/21/2019,52.544998
11/22/2019,52.7225
11/25/2019,55.302502
11/26/2019,54.25
11/27/2019,54.560001
11/29/2019,54.185001
12/2/2019,52.3125
12/3/2019,51.915001
12/4/2019,52.355
12/5/2019,52.185001
12/6/2019,53.0425
12/9/2019,53.0425
12/10/2019,53.494999
12/11/2019,54.334999
12/12/2019,56.017502
12/13/2019,55.997501
12/16/2019,56.287498
12/17/2019,57.072498
12/18/2019,57.377499
12/19/2019,58.865002
12/20/2019,59.842499
12/23/2019,59.705002
12/24/2019,59.654999
12/26/2019,59.797501
12/27/2019,59.217499
12/30/2019,58.080002
12/31/2019,58.825001
1/2/2020,59.977501
1/3/2020,59.017502
1/6/2020,59.264999
1/7/2020,59.982498
1/8/2020,60.095001
1/9/2020,60.755001
1/10/2020,61.080002
1/13/2020,62.994999
1/14/2020,61.82
1/15/2020,61.392502
1/16/2020,62.232498
1/17/2020,62.32
1/21/2020,61.985001
1/22/2020,62.5275
1/23/2020,63.215
1/24/2020,62.619999
1/27/2020,60.049999
1/28/2020,61.9925
1/29/2020,61.384998
1/30/2020,61.452499
1/31/2020,59.107498
2/3/2020,60.0825
2/4/2020,61.782501
2/5/2020,62.689999
2/6/2020,63.5625
2/7/2020,62.897499
2/10/2020,65.7425
2/11/2020,66.972504
2/12/2020,68.135002
2/13/2020,67.695
2/14/2020,72.447502
2/18/2020,74.142502
2/19/2020,78.675003
2/20/2020,77.175003
2/21/2020,73.517502
2/24/2020,68.32
2/25/2020,65.512497
2/26/2020,66.912498
2/27/2020,63.150002
2/28/2020,67.517502
3/2/2020,69.107498
3/3/2020,66.472504
3/4/2020,71.127502
3/5/2020,68.322502
3/6/2020,66.510002
3/9/2020,61.360001
3/10/2020,65.269997
3/11/2020,61.6175
3/12/2020,54.077499
3/13/2020,60.209999
3/16/2020,49.099998
3/17/2020,54.317501
3/18/2020,50.705002
3/19/2020,53.2425
3/20/2020,51.4375
3/23/2020,53.172501
3/24/2020,62.294998
3/25/2020,61.404999
3/26/2020,64.309998
3/27/2020,63.182499
3/30/2020,66.397499
3/31/2020,65.900002
4/1/2020,60.767502
4/2/2020,63.8675
4/3/2020,60.977501
4/6/2020,67.099998
4/7/2020,64.7575
4/8/2020,66.737503
4/9/2020,65.737503
4/13/2020,67.462502
4/14/2020,70.987503
4/15/2020,70.209999
4/16/2020,73.675003
4/17/2020,73.080002
4/20/2020,71.762497
4/21/2020,67.377502
4/22/2020,71.537498
4/23/2020,71.002502
4/24/2020,72.397499
4/27/2020,74.269997
4/28/2020,72.839996
4/29/2020,74.614998
4/30/2020,73.07
5/1/2020,70.695
5/4/2020,72.822502
5/5/2020,73.434998
5/6/2020,74.447502
5/7/2020,76.217499
5/8/2020,78.125
5/11/2020,80.654999
5/12/2020,78.025002
5/13/2020,77.800003
5/14/2020,80.305
5/15/2020,84.907501
5/18/2020,87.502502
5/19/2020,88.055
5/20/2020,89.699997
5/21/2020,87.752502
5/22/2020,90.262497
5/26/2020,87.177498
5/27/2020,85.252502
5/28/2020,84.870003
5/29/2020,88.754997
6/1/2020,88.0625
6/2/2020,88.252502
6/3/2020,87.695
6/4/2020,87.665001
6/5/2020,89.199997
6/8/2020,88.050003
6/9/2020,90.459999
6/10/2020,93.667503
6/11/2020,87.962502
6/12/2020,89.324997
6/15/2020,91.737503
6/16/2020,90.684998
6/17/2020,92.360001
6/18/2020,92.18
6/19/2020,92.612503
6/22/2020,95.267502
6/23/2020,94.5
6/24/2020,92.355003
6/25/2020,94.900002
6/26/2020,91.550003
6/29/2020,92
6/30/2020,94.977501
7/1/2020,95.300003
7/2/2020,96.122498
7/6/2020,98.392502
7/7/2020,98.717499
7/8/2020,102.160004
7/9/2020,105.089996
7/10/2020,104.792503
7/13/2020,100.522499
7/14/2020,103.769997
7/15/2020,102.272499
7/16/2020,101.347504
7/17/2020,102.014999
7/20/2020,105.107498
7/21/2020,103.285004
7/22/2020,104.387497
7/23/2020,101.297501
7/24/2020,101.945
7/27/2020,104.214996
7/28/2020,102.154999
7/29/2020,104.654999
7/30/2020,106.139999
7/31/2020,106.147499
8/3/2020,110.102501
8/4/2020,112.277496
8/5/2020,112.8675
8/6/2020,113.355003
8/7/2020,111.995003
8/10/2020,111.650002
8/11/2020,108.5
8/12/2020,114.402496
8/13/2020,114.43
8/14/2020,115.639999
8/17/2020,123.370003
8/18/2020,122.607498
8/19/2020,121.385002
8/20/2020,121.410004
8/21/2020,126.834999
8/24/2020,127.202499
8/25/2020,127.5
8/26/2020,127.730003
8/27/2020,126.282501
8/28/2020,131.477493
8/31/2020,133.744995
9/1/2020,138.210007
9/2/2020,143.464996
9/3/2020,130.154999
9/4/2020,126.224998
9/8/2020,119.129997
9/9/2020,127.150002
9/10/2020,123.1175
9/11/2020,121.644997
9/14/2020,128.722504
9/15/2020,129.910004
9/16/2020,125.144997
9/17/2020,124.635002
9/18/2020,121.892502
9/21/2020,125.172501
9/22/2020,126.377502
9/23/2020,121.237503
9/24/2020,123.480003
9/25/2020,128.737503
9/28/2020,130.350006
9/29/2020,132.257507
9/30/2020,135.304993
10/1/2020,136.145004
10/2/2020,130.622498
10/5/2020,136.425003
10/6/2020,137.365005
10/7/2020,139.639999
10/8/2020,138.387497
10/9/2020,137.627502
10/12/2020,142.259995
10/13/2020,142.482498
10/14/2020,140.952499
10/15/2020,139.699997
10/16/2020,138.115005
10/19/2020,134.977493
10/20/2020,136.455002
10/21/2020,135.247498
10/22/2020,133.610001
10/23/2020,135.902496
10/26/2020,131.412506
10/27/2020,133.967499
10/28/2020,126.269997
10/29/2020,130.240005
10/30/2020,125.339996
11/2/2020,125.807503
11/3/2020,130.195007
11/4/2020,137.942505
11/5/2020,141.600006
11/6/2020,145.619995
11/9/2020,136.307495
11/10/2020,127.699997
11/11/2020,134.179993
11/12/2020,134.567505
11/13/2020,132.970001
11/16/2020,135.152496
11/17/2020,134.222504
11/18/2020,134.287506
11/19/2020,134.402496
11/20/2020,130.877502
11/23/2020,131.399994
11/24/2020,129.577499
11/25/2020,132.347504
11/27/2020,132.612503
11/30/2020,134.014999
12/1/2020,133.899994
12/2/2020,135.445007
12/3/2020,133.960007
12/4/2020,135.582504
12/7/2020,136.067505
12/8/2020,133.5
12/9/2020,129.307495
12/10/2020,129.722504
12/11/2020,130.132507
12/14/2020,133.087494
12/15/2020,133.604996
12/16/2020,132.425003
12/17/2020,133.412506
12/18/2020,132.720001
12/21/2020,133.322495
12/22/2020,132.782501
12/23/2020,130.092499
12/24/2020,129.9375
12/28/2020,129
12/29/2020,129.432495
12/30/2020,131.457504
12/31/2020,130.550003
1/4/2021,131.134995
1/5/2021,134.047501
1/6/2021,126.144997
1/7/2021,133.440002
1/8/2021,132.767502
1/11/2021,136.214996
1/12/2021,134.847504
1/13/2021,135.317505
1/14/2021,132.002502
1/15/2021,128.595001
1/19/2021,130.252502
1/20/2021,133.657501
1/21/2021,138.675003
1/22/2021,137.125
1/25/2021,136.532501
1/26/2021,134.352493
1/27/2021,129.177505
1/28/2021,130.509995
1/29/2021,129.897507
2/1/2021,132.369995
2/2/2021,135.567505
2/3/2021,135.304993
2/4/2021,136.642502
2/5/2021,135.910004
2/8/2021,144.387497
2/9/2021,142.632507
2/10/2021,147.642502
2/11/2021,152.507507
2/12/2021,149.612503
2/16/2021,153.302505
2/17/2021,149.059998
2/18/2021,148.289993
2/19/2021,149.264999
2/22/2021,143.557495
2/23/2021,141.419998
2/24/2021,144.990005
2/25/2021,133.074997
2/26/2021,137.145004
3/1/2021,138.417496
3/2/2021,134.0625
3/3/2021,128.047501
3/4/2021,123.702499
3/5/2021,124.614998
3/8/2021,115.932503
3/9/2021,125.202499
3/10/2021,124.682503
3/11/2021,129.934998
3/12/2021,128.559998
3/15/2021,131.912506
3/16/2021,132.912506
3/17/2021,133.412506
3/18/2021,127.224998
3/19/2021,128.457504
3/22/2021,131.862503
3/23/2021,130.707504
3/24/2021,126.43
3/25/2021,125.352501
3/26/2021,128.392502
3/29/2021,129.482498
3/30/2021,128.717499
3/31/2021,133.482498
4/1/2021,138.117493
4/5/2021,139.875
4/6/2021,138.615005
4/7/2021,141.434998
4/8/2021,143.169998
4/9/2021,144
4/12/2021,152.089996
4/13/2021,156.794998
4/14/2021,152.770004
4/15/2021,161.372498
4/16/2021,159.125
4/19/2021,153.617493
4/20/2021,151.712494
4/21/2021,153.604996
4/22/2021,148.502502
4/23/2021,152.652496
4/26/2021,154.779999
4/27/2021,153.817505
4/28/2021,152.767502
4/29/2021,153.247498
4/30/2021,150.095001
5/3/2021,148.367493
5/4/2021,143.512497
5/5/2021,144.585007
5/6/2021,145.229996
5/7/2021,148.122498
5/10/2021,142.657501
5/11/2021,143.0625
5/12/2021,137.585007
5/13/2021,136.652496
5/14/2021,142.429993
5/17/2021,141.654999
5/18/2021,140.157501
5/19/2021,140.657501
5/20/2021,146.125
5/21/2021,149.917496
5/24/2021,156.119995
5/25/2021,156.477493
5/26/2021,157
5/27/2021,154.880005
5/28/2021,162.445007
6/1/2021,162.645004
6/2/2021,167.782501
6/3/2021,169.697495
6/4/2021,175.782501
6/7/2021,176.190002
6/8/2021,174.570007
6/9/2021,173.582504
6/10/2021,174.25
6/11/2021,178.252502
6/14/2021,180.1875
6/15/2021,177.884995
6/16/2021,178.102493
6/17/2021,186.572495
6/18/2021,186.387497
6/21/2021,184.272507
6/22/2021,188.867493
6/23/2021,190.572495
6/24/2021,192.054993
6/25/2021,190.309998
6/28/2021,199.850006
6/29/2021,200.267502
6/30/2021,200.024994
7/1/2021,202.119995
7/2/2021,204.869995
7/6/2021,206.985001
7/7/2021,203.717499
7/8/2021,199.027496
7/9/2021,200.502502
7/12/2021,205.125
7/13/2021,202.5
7/14/2021,198.414993
7/15/2021,189.662506
7/16/2021,181.610001
7/19/2021,187.797501
7/20/2021,186.119995
7/21/2021,194.100006
7/22/2021,195.940002
7/23/2021,195.580002
7/26/2021,192.940002
7/27/2021,192.080002
7/28/2021,195.029999
7/29/2021,196.619995
7/30/2021,194.990005
8/2/2021,197.5
8/3/2021,198.149994
8/4/2021,202.740005
8/5/2021,206.369995
8/6/2021,203.660004
8/9/2021,202.949997
8/10/2021,199.360001
8/11/2021,196.990005
8/12/2021,199.050003
8/13/2021,201.880005
8/16/2021,199.5
8/17/2021,194.580002
8/18/2021,190.399994
8/19/2021,197.979996
8/20/2021,208.160004
8/23/2021,219.580002
8/24/2021,217.929993
8/25/2021,222.130005
8/26/2021,220.679993
8/27/2021,226.360001
8/30/2021,226.880005
8/31/2021,223.850006
9/1/2021,224.410004
9/2/2021,223.960007
9/3/2021,228.429993
9/7/2021,226.619995
9/8/2021,223.389999
9/9/2021,221.770004
9/10/2021,224.779999
9/13/2021,221.520004
9/14/2021,222.419998
9/15/2021,223.410004
9/16/2021,222.419998
9/17/2021,219
9/20/2021,211.130005
9/21/2021,212.460007
9/22/2021,219.410004
9/23/2021,224.820007
9/24/2021,220.809998
9/27/2021,216.600006
9/28/2021,206.990005
9/29/2021,205.169998
9/30/2021,207.160004
10/1/2021,207.419998
10/4/2021,197.320007
10/5/2021,204.509995
10/6/2021,207
10/7/2021,210.75
10/8/2021,208.309998
10/11/2021,206.949997
10/12/2021,206.710007
10/13/2021,209.389999
10/14/2021,217.460007
10/15/2021,218.619995
10/18/2021,222.220001
10/19/2021,222.899994
10/20/2021,221.029999
10/21/2021,226.919998
10/22/2021,227.259995
10/25/2021,231.660004
10/26/2021,247.169998
10/27/2021,244.509995
10/28/2021,249.410004
10/29/2021,255.669998
11/1/2021,258.269989
11/2/2021,264.01001
11/3/2021,265.980011
11/4/2021,298.01001
11/5/2021,297.519989
11/8/2021,308.040009
11/9/2021,306.570007
11/10/2021,294.589996
11/11/2021,303.899994
11/12/2021,303.899994
11/15/2021,300.25
11/16/2021,302.029999
11/17/2021,292.609985
11/18/2021,316.75
11/19/2021,329.850006
11/22/2021,319.559998
11/23/2021,317.459991
11/24/2021,326.73999
11/26/2021,315.029999
11/29/2021,333.76001
11/30/2021,326.76001
12/1/2021,314.350006
12/2/2021,321.26001
12/3/2021,306.929993
12/6/2021,300.369995
12/7/2021,324.269989
12/8/2021,318.26001
12/9/2021,304.899994
12/10/2021,301.980011
12/13/2021,281.609985
12/14/2021,283.369995
12/15/2021,304.589996
12/16/2021,283.869995
12/17/2021,278.01001
12/20/2021,277.190002
12/21/2021,290.75
12/22/2021,294
12/23/2021,296.399994
12/27/2021,309.450012
12/28/2021,303.220001
12/29/2021,300.01001
12/30/2021,295.859985
12/31/2021,294.109985
1/3/2022,301.209991
1/4/2022,292.899994
1/5/2022,276.040009
1/6/2022,281.779999
1/7/2022,272.470001
1/10/2022,274
1/11/2022,278.170013
1/12/2022,279.98999
1/13/2022,265.75
1/14/2022,269.420013
1/18/2022,259.029999
1/19/2022,250.669998
1/20/2022,241.5
1/21/2022,233.740005
1/24/2022,233.720001
1/25/2022,223.240005
1/26/2022,227.720001
1/27/2022,219.440002
1/28/2022,228.399994
1/31/2022,244.860001
2/1/2022,246.380005
2/2/2022,252.419998
2/3/2022,239.479996
2/4/2022,243.190002
2/7/2022,247.279999
2/8/2022,251.080002
2/9/2022,267.049988
2/10/2022,258.23999
2/11/2022,239.490005
2/14/2022,242.669998
2/15/2022,264.950012
2/16/2022,265.109985
2/17/2022,245.070007
2/18/2022,236.419998
2/22/2022,233.899994
2/23/2022,223.869995
2/24/2022,237.479996
2/25/2022,241.570007
2/28/2022,243.850006
3/1/2022,234.770004
3/2/2022,242.199997
3/3/2022,237.139999
3/4/2022,229.360001
3/7/2022,213.520004
3/8/2022,215.139999
3/9/2022,230.139999
3/10/2022,226.580002
3/11/2022,221
3/14/2022,213.300003
3/15/2022,229.729996
3/16/2022,244.960007
3/17/2022,247.660004
3/18/2022,264.529999
3/21/2022,267.339996
3/22/2022,265.23999
3/23/2022,256.339996
3/24/2022,281.5
3/25/2022,276.920013
3/28/2022,282.190002
3/29/2022,286.559998
3/30/2022,276.899994
3/31/2022,272.859985
4/1/2022,267.119995
4/4/2022,273.600006
4/5/2022,259.309998
4/6/2022,244.070007
4/7/2022,242.080002
4/8/2022,231.190002
4/11/2022,219.169998
4/12/2022,215.039993
4/13/2022,222.029999
4/14/2022,212.580002
4/18/2022,217.830002
4/19/2022,221.979996
4/20/2022,214.820007
4/21/2022,201.830002
4/22/2022,195.149994
4/25/2022,199.020004
4/26/2022,187.880005
4/27/2022,184.149994
4/28/2022,197.820007
4/29/2022,185.470001
5/2/2022,195.330002
5/3/2022,196.020004
5/4/2022,203.339996
5/5/2022,188.440002
5/6/2022,186.75
5/9/2022,169.5
5/10/2022,175.949997
5/11/2022,166.300003
5/12/2022,161.75
5/13/2022,177.059998
5/16/2022,172.639999
5/17/2022,181.770004
5/18/2022,169.380005
5/19/2022,171.240005
5/20/2022,166.940002
5/23/2022,168.979996
5/24/2022,161.539993
5/25/2022,169.75
5/26/2022,178.509995
5/27/2022,188.110001
5/31/2022,186.720001
6/1/2022,183.199997
6/2/2022,195.919998
6/3/2022,187.199997
6/6/2022,187.860001
6/7/2022,189.259995
6/8/2022,186.479996
6/9/2022,180.479996
6/10/2022,169.740005
6/13/2022,156.470001
6/14/2022,158.360001
6/15/2022,165.270004
6/16/2022,156.009995
6/17/2022,158.800003
6/21/2022,165.660004
6/22/2022,163.600006
6/23/2022,162.25
6/24/2022,171.259995
6/27/2022,168.690002
6/28/2022,159.820007
6/29/2022,155.419998
6/30/2022,151.589996
7/1/2022,145.229996
7/5/2022,149.639999
7/6/2022,151.300003
7/7/2022,158.580002
7/8/2022,158.380005
7/11/2022,151.520004
7/12/2022,150.820007
7/13/2022,151.639999
7/14/2022,153.720001
7/15/2022,157.619995
7/18/2022,161.009995
7/19/2022,169.919998
7/20/2022,178.070007
7/21/2022,180.5
7/22/2022,173.190002
7/25/2022,170.240005
7/26/2022,165.330002
7/27/2022,177.899994
7/28/2022,179.839996
7/29/2022,181.630005
8/1/2022,184.410004
8/2/2022,185.259995
8/3/2022,188.929993
8/4/2022,192.149994
8/5/2022,189.889999
8/8/2022,177.929993
8/9/2022,170.860001
8/10/2022,180.970001
8/11/2022,179.419998
8/12/2022,187.089996
8/15/2022,190.320007
8/16/2022,188.789993
8/17/2022,183.350006
8/18/2022,187.729996
8/19/2022,178.490005
8/22/2022,170.339996
8/23/2022,171.809998
8/24/2022,172.220001
8/25/2022,179.130005
8/26/2022,162.600006
8/29/2022,158.009995
8/30/2022,154.679993
8/31/2022,150.940002
9/1/2022,139.369995
9/2/2022,136.470001
9/6/2022,134.649994
9/7/2022,137.139999
9/8/2022,139.899994
9/9/2022,143.869995
9/12/2022,145.050003
9/13/2022,131.309998
9/14/2022,131.279999
9/15/2022,129.289993
9/16/2022,131.979996
9/19/2022,133.820007
9/20/2022,131.759995
9/21/2022,132.610001
9/22/2022,125.610001
9/23/2022,125.160004
9/26/2022,122.279999
9/27/2022,124.129997
9/28/2022,127.360001
9/29/2022,122.199997
9/30/2022,121.389999
10/3/2022,125.120003
10/4/2022,131.669998
10/5/2022,132.089996
10/6/2022,131.300003
10/7/2022,120.760002
10/10/2022,116.699997
10/11/2022,115.860001
10/12/2022,115
10/13/2022,119.599998
10/14/2022,112.269997
10/17/2022,118.879997
10/18/2022,119.669998
10/19/2022,120.510002
10/20/2022,121.940002
10/21/2022,124.660004
10/24/2022,125.989998
10/25/2022,132.610001
10/26/2022,128.960007
10/27/2022,131.759995
10/28/2022,138.339996
10/31/2022,134.970001
11/1/2022,135.429993
11/2/2022,132.190002
11/3/2022,134.210007
11/4/2022,141.559998
11/7/2022,143.009995
11/8/2022,146.020004
11/9/2022,137.759995
11/10/2022,157.5
11/11/2022,163.270004
11/14/2022,162.949997
11/15/2022,166.660004
11/16/2022,159.100006
11/17/2022,156.770004
11/18/2022,154.089996
11/21/2022,153.169998
11/22/2022,160.380005
11/23/2022,165.190002
11/25/2022,162.699997
11/28/2022,158.270004
11/29/2022,156.389999
11/30/2022,169.229996
12/1/2022,171.350006
12/2/2022,168.759995
12/5/2022,166.100006
12/6/2022,159.869995
12/7/2022,161.199997
12/8/2022,171.690002
12/9/2022,170.009995
12/12/2022,175.350006
12/13/2022,180.720001
12/14/2022,176.740005
12/15/2022,169.520004
12/16/2022,165.710007
12/19/2022,162.539993
12/20/2022,160.850006
12/21/2022,165.009995
12/22/2022,153.389999
12/23/2022,152.059998
12/27/2022,141.210007
12/28/2022,140.360001
12/29/2022,146.029999
12/30/2022,146.139999
1/3/2023,143.149994
1/4/2023,147.490005
1/5/2023,142.649994
1/6/2023,148.589996
1/9/2023,156.279999
1/10/2023,159.089996
1/11/2023,160.009995
1/12/2023,165.110001
1/13/2023,168.990005
1/17/2023,177.020004
1/18/2023,173.770004
1/19/2023,167.649994
1/20/2023,178.389999
1/23/2023,191.929993
1/24/2023,192.649994
1/25/2023,193.229996
1/26/2023,198.020004
1/27/2023,203.649994
1/30/2023,191.619995
1/31/2023,195.369995
2/1/2023,209.429993
2/2/2023,217.089996
2/3/2023,211
2/6/2023,210.889999
2/7/2023,221.729996
2/8/2023,222.050003
2/9/2023,223.369995
2/10/2023,212.649994
2/13/2023,217.880005
2/14/2023,229.710007
2/15/2023,227.639999
2/16/2023,220.020004
2/17/2023,213.880005
2/21/2023,206.550003
2/22/2023,207.539993
2/23/2023,236.639999
2/24/2023,232.860001
2/27/2023,235.009995
2/28/2023,232.160004
3/1/2023,226.979996
3/2/2023,233.139999
3/3/2023,238.899994
3/6/2023,235.539993
3/7/2023,232.880005
3/8/2023,241.809998
3/9/2023,234.360001
3/10/2023,229.649994
3/13/2023,229.660004
3/14/2023,240.630005
3/15/2023,242.279999
3/16/2023,255.410004
3/17/2023,257.25
